{"resourceType":"CodeSystem","id":"decisiontemplate","text":{"status":"generated","div":"<div xmlns=\"http://www.w3.org/1999/xhtml\"><p class=\"res-header-id\"><b>Generated Narrative: CodeSystem decisiontemplate</b></p><a name=\"decisiontemplate\"> </a><a name=\"hcdecisiontemplate\"> </a><a name=\"decisiontemplate-en-US\"> </a><p>This case-sensitive code system <code>https://terminology.dips.com/decisiontemplate</code> defines the following codes:</p><table class=\"codes\"><tr><td style=\"white-space:nowrap\"><b>Code</b></td><td><b>Display</b></td><td><b>Definition</b></td></tr><tr><td style=\"white-space:nowrap\">KONSSERIE<a name=\"decisiontemplate-KONSSERIE\"> </a></td><td>Åpen konsultasjonsserie</td><td><div><p>Åpen konsultasjonsserie</p>\n</div></td></tr><tr><td style=\"white-space:nowrap\">LEDSBEL<a name=\"decisiontemplate-LEDSBEL\"> </a></td><td>Inneliggende ledsager</td><td><div><p>Ledsageren er inneliggende.</p>\n</div></td></tr><tr><td style=\"white-space:nowrap\">VURDHENV<a name=\"decisiontemplate-VURDHENV\"> </a></td><td>Vurdert henvisning</td><td><div><p>Henvisning som er vurdert</p>\n</div></td></tr><tr><td style=\"white-space:nowrap\">ITSYSARB<a name=\"decisiontemplate-ITSYSARB\"> </a></td><td>IT-Systemarbeid</td><td><div><p>IT systemarbeid er en besluttningsmal som kan benyttes for å gi tilgang til journaldata når it-personell (på sykehuset / eller personell fra DIPS ASA), må gjøre systemarbeid - feilretting o.l. - på journaldataene. (Eksplisitt mal)</p>\n</div></td></tr><tr><td style=\"white-space:nowrap\">TILSYN<a name=\"decisiontemplate-TILSYN\"> </a></td><td>Tilsyn på annen avdeling.</td><td><div><p>&quot;Tilsyn på annen avdeling&quot; kan benyttes når en behandler bes om å foreta et tilsyn på en annen avdeling, og behandleren av den grunn ikke har ordinær tilgang til journalen.  Det kan angis hvilken rekvirent som har bedt om at tilsyn skal foretas. (Eksplisitt mal)</p>\n</div></td></tr><tr><td style=\"white-space:nowrap\">ARBFLYT<a name=\"decisiontemplate-ARBFLYT\"> </a></td><td>Oppgave i arbeidsflyt</td><td><div><p>Beslutning som slår til dersom det finnes en ikke utført oppgave i arbeidsflyt.  Gjelder alle oppgavetyper.</p>\n</div></td></tr><tr><td style=\"white-space:nowrap\">BEHANDLER<a name=\"decisiontemplate-BEHANDLER\"> </a></td><td>Bruker har behandlingsansvar for pasienten</td><td><div><p>Brukeren er behandler for pasienten. Eksempler på hva som gjør at malen slår til er:\na) Bruker er registrert som ansvarlig behandler på poliklinisk besøk.\nb) Bruker er registrert som behandler på planlagt kontakt.\nc) Bruker er registrert som ansvarlig lege på et postopphold.\nd) Bruker er registrert som ansvarlig behandler for omsorgsserie i psykiatrien.\ne) Bruker er registrert som koterapeut til en poliklinisk konsultasjon (gjelder psykiatri).\nf) Bruker er registrert som deltaker (ressurs) i en planlagt aktivitet i pasientens timebok.</p>\n</div></td></tr><tr><td style=\"white-space:nowrap\">INFOANSV<a name=\"decisiontemplate-INFOANSV\"> </a></td><td>Bruker er informasjonsansvarlig for pasienten</td><td><div><p>Brukeren er informasjonsansvarlig for pasienten.</p>\n</div></td></tr><tr><td style=\"white-space:nowrap\">JOURANSV<a name=\"decisiontemplate-JOURANSV\"> </a></td><td>Bruker er journalansvarlig for pasienten</td><td><div><p>Brukeren er journalansvarlig for pasienten.</p>\n</div></td></tr><tr><td style=\"white-space:nowrap\">PASANSV<a name=\"decisiontemplate-PASANSV\"> </a></td><td>Bruker er koordinator for pasienten</td><td><div><p>Brukeren er koordinator for pasienten.</p>\n</div></td></tr><tr><td style=\"white-space:nowrap\">HENVISNING<a name=\"decisiontemplate-HENVISNING\"> </a></td><td>Henvisning til vurdering</td><td><div><p>Henvisning som enda ikke er vurdert.</p>\n</div></td></tr><tr><td style=\"white-space:nowrap\">BELEGG<a name=\"decisiontemplate-BELEGG\"> </a></td><td>Innlagt pasient</td><td><div><p>Pasienten er innlagt.</p>\n</div></td></tr><tr><td style=\"white-space:nowrap\">PLANOPP<a name=\"decisiontemplate-PLANOPP\"> </a></td><td>Planlagt oppmøte</td><td><div><p>Planlagt oppmøte for pasienten.</p>\n</div></td></tr><tr><td style=\"white-space:nowrap\">POLBESOK<a name=\"decisiontemplate-POLBESOK\"> </a></td><td>Poliklinisk besøk</td><td><div><p>Poliklinisk konsultasjon.</p>\n</div></td></tr><tr><td style=\"white-space:nowrap\">TILSYN2<a name=\"decisiontemplate-TILSYN2\"> </a></td><td>Tilsyn med helsepersonellets virksomhet</td><td><div><p>Tilsyn med helsepersonellets virksomhet. (Eksplisitt mal)</p>\n</div></td></tr><tr><td style=\"white-space:nowrap\">INNSYN<a name=\"decisiontemplate-INNSYN\"> </a></td><td>Pasientinnsyn</td><td><div><p>Pasientens innsyn i egen journal. (Eksplisitt mal)</p>\n</div></td></tr><tr><td style=\"white-space:nowrap\">OFFBEST<a name=\"decisiontemplate-OFFBEST\"> </a></td><td>Bestilling av dokumenter fra offentlige og juridiske instanser og forsikringselskap</td><td><div><p>Bestilling av dokumenter fra offentlige og juridiske instanser og forsikringselskap. (Eksplisitt mal)</p>\n</div></td></tr><tr><td style=\"white-space:nowrap\">HENV_PAS<a name=\"decisiontemplate-HENV_PAS\"> </a></td><td>Henvendelse fra pasienten</td><td><div><p>Henvendelse fra pasienten selv. (Eksplisitt mal)</p>\n</div></td></tr><tr><td style=\"white-space:nowrap\">HENVPER<a name=\"decisiontemplate-HENVPER\"> </a></td><td>Åpen henvisningsperiode</td><td><div><p>Åpen henvisningsperiode.</p>\n</div></td></tr><tr><td style=\"white-space:nowrap\">PLANKONT<a name=\"decisiontemplate-PLANKONT\"> </a></td><td>Ventende pasient</td><td><div><p>Pasienten har en planlagt kontakt som ikke er avsluttet.</p>\n</div></td></tr><tr><td style=\"white-space:nowrap\">PRIMKONT<a name=\"decisiontemplate-PRIMKONT\"> </a></td><td>Bruker er pasientens primærkontakt</td><td><div><p>Bruker er pasientens primærkontakt.</p>\n</div></td></tr><tr><td style=\"white-space:nowrap\">HENV_BEH<a name=\"decisiontemplate-HENV_BEH\"> </a></td><td>Henvendelse fra pasientens behandler</td><td><div><p>Henvendelse fra pasientens behandler. (Eksplisitt mal)</p>\n</div></td></tr><tr><td style=\"white-space:nowrap\">HENV_PAA<a name=\"decisiontemplate-HENV_PAA\"> </a></td><td>Henvendelse fra pasientens pårørende</td><td><div><p>Henvendelse fra pasientens pårørende. (Eksplisitt mal)</p>\n</div></td></tr><tr><td style=\"white-space:nowrap\">MELDT<a name=\"decisiontemplate-MELDT\"> </a></td><td>Meldt pasient</td><td><div><p>Meldt pasient (for eksempel fra legevakta eller ambulansen). (Eksplisitt mal)</p>\n</div></td></tr><tr><td style=\"white-space:nowrap\">EKSTSVAR<a name=\"decisiontemplate-EKSTSVAR\"> </a></td><td>Eksternt prøvesvar/notat til vurdering</td><td><div><p>Det er behov for å se på et eksternt prøvesvar eller notat som har kommet inn på pasienten (Eksplisitt mal)</p>\n</div></td></tr><tr><td style=\"white-space:nowrap\">OPRPLAN<a name=\"decisiontemplate-OPRPLAN\"> </a></td><td>Pasienten finnes på operasjonsoversikten</td><td><div><p>Pasienten finnes på operasjonsoversikten i DIPS</p>\n</div></td></tr><tr><td style=\"white-space:nowrap\">EGENLAER<a name=\"decisiontemplate-EGENLAER\"> </a></td><td>Egen læring/kvalitetssikring av gitt behandling</td><td><div><p>Begrunnelse forankret i Helsepersonellovens §29 c (Eksplisitt mal)</p>\n</div></td></tr><tr><td style=\"white-space:nowrap\">DELBEHAN<a name=\"decisiontemplate-DELBEHAN\"> </a></td><td>Deltar i behandlingen av pasienten</td><td><div><p>Deltar i behandlingen av pasienten. (Eksplisitt mal)</p>\n</div></td></tr><tr><td style=\"white-space:nowrap\">TILSYN3<a name=\"decisiontemplate-TILSYN3\"> </a></td><td>Statlig tilsyn</td><td><div><p>Statlig tilsyn er forankret i  Helsetilsynsloven, Spesialisthelsetjenesteloven §6-2 og Pasientjournalloven §26. (Eksplisitt mal)</p>\n</div></td></tr><tr><td style=\"white-space:nowrap\">BLAALYS<a name=\"decisiontemplate-BLAALYS\"> </a></td><td>Blålys</td><td><div><p>Bruk av blålys - akutt helsehjelp (Eksplisitt mal)</p>\n</div></td></tr><tr><td style=\"white-space:nowrap\">KVAL<a name=\"decisiontemplate-KVAL\"> </a></td><td>Internkontroll/Kvalitetssikring</td><td><div><p>Noen ansatte har som oppgave å kontrollere koder og andre registreringer i DIPS, kanskje også se på hvordan det registreres/dokumenteres m.m uten at brukeren deltar i behandling av pasient.   Da kan denne beslutningsmalen brukes. (Eksplisitt mal)</p>\n</div></td></tr><tr><td style=\"white-space:nowrap\">FORSK<a name=\"decisiontemplate-FORSK\"> </a></td><td>Forskning</td><td><div><p>&quot;Forskning&quot; er en beslutningsmal som kan benyttes for å gi tilgang til pasientdata i forbindelse med Forskning. (Eksplisitt mal)</p>\n</div></td></tr><tr><td style=\"white-space:nowrap\">ETTERARB<a name=\"decisiontemplate-ETTERARB\"> </a></td><td>Etterarbeide</td><td><div><p>&quot;Etterarbeide&quot; er en beslutningsmal som kan benyttes for å gi tilgang til pasientdata i forbindelse med Etterarbeide. (Eksplisitt mal)</p>\n</div></td></tr><tr><td style=\"white-space:nowrap\">UNDERVISN<a name=\"decisiontemplate-UNDERVISN\"> </a></td><td>Undervisning</td><td><div><p>&quot;Undervisning&quot; er en besluttningsmal som kan benyttes for å gi tilgang til pasientdata i forbindelse med undervisning. (Eksplisitt mal)</p>\n</div></td></tr><tr><td style=\"white-space:nowrap\">NYPAS<a name=\"decisiontemplate-NYPAS\"> </a></td><td>Pasientadministrasjon</td><td><div><p>Pasientadministrasjon, f.eks registrering av ny pasient</p>\n</div></td></tr><tr><td style=\"white-space:nowrap\">ROLPAS<a name=\"decisiontemplate-ROLPAS\"> </a></td><td>Bruker har rolle overfor pasient</td><td><div><p>Bruker har rolle overfor pasient</p>\n</div></td></tr><tr><td style=\"white-space:nowrap\">HHJELANPAS<a name=\"decisiontemplate-HHJELANPAS\"> </a></td><td>Yte helsehjelp til annen pasient</td><td><div><p>&quot;Yte helsehjelp til annen pasient&quot; kan benyttes for å gi tilgang til pasientopplysninger på en pasient for å yte helsehjelp til annen pasient, jf. helsepersonelloven §25 b. (Eksplisitt mal)</p>\n</div></td></tr><tr><td style=\"white-space:nowrap\">PASADM<a name=\"decisiontemplate-PASADM\"> </a></td><td>Administrasjon</td><td><div><p>For administrative oppgaver som feks skanning av dokumenter, endring av pasientopplysninger, kodekontroll o.l.</p>\n</div></td></tr></table></div>"},"url":"https://terminology.dips.com/decisiontemplate","version":"0.9.7","name":"DIPSDecisionTemplate","title":"DIPS decision template codes used as basis of care relation between health care personel and patient.","status":"draft","experimental":true,"date":"2024-09-11T05:52:58+00:00","publisher":"HL7 Norway","contact":[{"name":"HL7 Norway","telecom":[{"system":"url","value":"https://github.com/HL7Norway"}]}],"description":"These are templates with various justifications that can be used as a basis for accessing the patient's medical record at hospitals that utilize DIPS as their journal system.\n\nTemplates that user, if authorized, can select manually as reason for accessing patient's medical record are marked as '(Eksplisitt mal)'.\n","caseSensitive":true,"content":"complete","count":38,"concept":[{"code":"KONSSERIE","display":"Åpen konsultasjonsserie","definition":"Åpen konsultasjonsserie"},{"code":"LEDSBEL","display":"Inneliggende ledsager","definition":"Ledsageren er inneliggende."},{"code":"VURDHENV","display":"Vurdert henvisning","definition":"Henvisning som er vurdert"},{"code":"ITSYSARB","display":"IT-Systemarbeid","definition":"IT systemarbeid er en besluttningsmal som kan benyttes for å gi tilgang til journaldata når it-personell (på sykehuset / eller personell fra DIPS ASA), må gjøre systemarbeid - feilretting o.l. - på journaldataene. (Eksplisitt mal)"},{"code":"TILSYN","display":"Tilsyn på annen avdeling.","definition":"\"Tilsyn på annen avdeling\" kan benyttes når en behandler bes om å foreta et tilsyn på en annen avdeling, og behandleren av den grunn ikke har ordinær tilgang til journalen.  Det kan angis hvilken rekvirent som har bedt om at tilsyn skal foretas. (Eksplisitt mal)"},{"code":"ARBFLYT","display":"Oppgave i arbeidsflyt","definition":"Beslutning som slår til dersom det finnes en ikke utført oppgave i arbeidsflyt.  Gjelder alle oppgavetyper.  "},{"code":"BEHANDLER","display":"Bruker har behandlingsansvar for pasienten","definition":"Brukeren er behandler for pasienten. Eksempler på hva som gjør at malen slår til er:\na) Bruker er registrert som ansvarlig behandler på poliklinisk besøk.\nb) Bruker er registrert som behandler på planlagt kontakt.\nc) Bruker er registrert som ansvarlig lege på et postopphold. \nd) Bruker er registrert som ansvarlig behandler for omsorgsserie i psykiatrien.\ne) Bruker er registrert som koterapeut til en poliklinisk konsultasjon (gjelder psykiatri).\nf) Bruker er registrert som deltaker (ressurs) i en planlagt aktivitet i pasientens timebok."},{"code":"INFOANSV","display":"Bruker er informasjonsansvarlig for pasienten","definition":"Brukeren er informasjonsansvarlig for pasienten."},{"code":"JOURANSV","display":"Bruker er journalansvarlig for pasienten","definition":"Brukeren er journalansvarlig for pasienten."},{"code":"PASANSV","display":"Bruker er koordinator for pasienten","definition":"Brukeren er koordinator for pasienten."},{"code":"HENVISNING","display":"Henvisning til vurdering","definition":"Henvisning som enda ikke er vurdert."},{"code":"BELEGG","display":"Innlagt pasient","definition":"Pasienten er innlagt."},{"code":"PLANOPP","display":"Planlagt oppmøte","definition":"Planlagt oppmøte for pasienten."},{"code":"POLBESOK","display":"Poliklinisk besøk","definition":"Poliklinisk konsultasjon."},{"code":"TILSYN2","display":"Tilsyn med helsepersonellets virksomhet","definition":"Tilsyn med helsepersonellets virksomhet. (Eksplisitt mal)"},{"code":"INNSYN","display":"Pasientinnsyn","definition":"Pasientens innsyn i egen journal. (Eksplisitt mal)"},{"code":"OFFBEST","display":"Bestilling av dokumenter fra offentlige og juridiske instanser og forsikringselskap","definition":"Bestilling av dokumenter fra offentlige og juridiske instanser og forsikringselskap. (Eksplisitt mal)"},{"code":"HENV_PAS","display":"Henvendelse fra pasienten","definition":"Henvendelse fra pasienten selv. (Eksplisitt mal)"},{"code":"HENVPER","display":"Åpen henvisningsperiode","definition":"Åpen henvisningsperiode."},{"code":"PLANKONT","display":"Ventende pasient","definition":"Pasienten har en planlagt kontakt som ikke er avsluttet."},{"code":"PRIMKONT","display":"Bruker er pasientens primærkontakt","definition":"Bruker er pasientens primærkontakt."},{"code":"HENV_BEH","display":"Henvendelse fra pasientens behandler","definition":"Henvendelse fra pasientens behandler. (Eksplisitt mal)"},{"code":"HENV_PAA","display":"Henvendelse fra pasientens pårørende","definition":"Henvendelse fra pasientens pårørende. (Eksplisitt mal)"},{"code":"MELDT","display":"Meldt pasient","definition":"Meldt pasient (for eksempel fra legevakta eller ambulansen). (Eksplisitt mal)"},{"code":"EKSTSVAR","display":"Eksternt prøvesvar/notat til vurdering","definition":"Det er behov for å se på et eksternt prøvesvar eller notat som har kommet inn på pasienten (Eksplisitt mal)"},{"code":"OPRPLAN","display":"Pasienten finnes på operasjonsoversikten","definition":"Pasienten finnes på operasjonsoversikten i DIPS"},{"code":"EGENLAER","display":"Egen læring/kvalitetssikring av gitt behandling","definition":"Begrunnelse forankret i Helsepersonellovens §29 c (Eksplisitt mal)"},{"code":"DELBEHAN","display":"Deltar i behandlingen av pasienten","definition":"Deltar i behandlingen av pasienten. (Eksplisitt mal)"},{"code":"TILSYN3","display":"Statlig tilsyn","definition":"Statlig tilsyn er forankret i  Helsetilsynsloven, Spesialisthelsetjenesteloven §6-2 og Pasientjournalloven §26. (Eksplisitt mal)"},{"code":"BLAALYS","display":"Blålys","definition":"Bruk av blålys - akutt helsehjelp (Eksplisitt mal)"},{"code":"KVAL","display":"Internkontroll/Kvalitetssikring","definition":"Noen ansatte har som oppgave å kontrollere koder og andre registreringer i DIPS, kanskje også se på hvordan det registreres/dokumenteres m.m uten at brukeren deltar i behandling av pasient.   Da kan denne beslutningsmalen brukes. (Eksplisitt mal)"},{"code":"FORSK","display":"Forskning","definition":"\"Forskning\" er en beslutningsmal som kan benyttes for å gi tilgang til pasientdata i forbindelse med Forskning. (Eksplisitt mal)"},{"code":"ETTERARB","display":"Etterarbeide","definition":"\"Etterarbeide\" er en beslutningsmal som kan benyttes for å gi tilgang til pasientdata i forbindelse med Etterarbeide. (Eksplisitt mal)"},{"code":"UNDERVISN","display":"Undervisning","definition":"\"Undervisning\" er en besluttningsmal som kan benyttes for å gi tilgang til pasientdata i forbindelse med undervisning. (Eksplisitt mal)"},{"code":"NYPAS","display":"Pasientadministrasjon","definition":"Pasientadministrasjon, f.eks registrering av ny pasient"},{"code":"ROLPAS","display":"Bruker har rolle overfor pasient","definition":"Bruker har rolle overfor pasient"},{"code":"HHJELANPAS","display":"Yte helsehjelp til annen pasient","definition":"\"Yte helsehjelp til annen pasient\" kan benyttes for å gi tilgang til pasientopplysninger på en pasient for å yte helsehjelp til annen pasient, jf. helsepersonelloven §25 b. (Eksplisitt mal)"},{"code":"PASADM","display":"Administrasjon","definition":"For administrative oppgaver som feks skanning av dokumenter, endring av pasientopplysninger, kodekontroll o.l."}]}