[
  {
    "id" : "hl7.fhir.no.domain.auditevent",
    "type" : "ImplementationGuide",
    "url" : "http://hl7.no/fhir/ImplementationGuide/hl7.fhir.no.domain.auditevent",
    "version" : "0.9.8",
    "name" : "NoDomainTrustframeworkAuditEvent"
  },
  {
    "id" : "auditevent-carerelation-metadata-extension",
    "type" : "StructureDefinition",
    "url" : "http://hl7.no/fhir/StructureDefinition/auditevent-carerelation-metadata-extension",
    "version" : "0.9.8",
    "name" : "AuditEventCareRelationMetaData"
  },
  {
    "id" : "auditevent-encounter-extension",
    "type" : "StructureDefinition",
    "url" : "http://hl7.no/fhir/StructureDefinition/auditevent-encounter-extension",
    "version" : "0.9.8",
    "name" : "AuditEventEncounterExtension"
  },
  {
    "id" : "auditevent-patient-extension",
    "type" : "StructureDefinition",
    "url" : "http://hl7.no/fhir/StructureDefinition/auditevent-patient-extension",
    "version" : "0.9.8",
    "name" : "AuditEventPatientExtension"
  },
  {
    "id" : "no-doc-Trustframework-Location-EncounterPointofcare",
    "type" : "StructureDefinition",
    "url" : "http://hl7.no/fhir/StructureDefinition/no-doc-Trustframework-Location-EncounterPointofcare",
    "version" : "0.9.8",
    "name" : "AuditeventEncounterPointofcare"
  },
  {
    "id" : "no-doc-Trustframework-Location-PractitionerPointofcare",
    "type" : "StructureDefinition",
    "url" : "http://hl7.no/fhir/StructureDefinition/no-doc-Trustframework-Location-PractitionerPointofcare",
    "version" : "0.9.8",
    "name" : "AuditeventPractitionerPointofcare"
  },
  {
    "id" : "no-doc-Trustframework-Organization-EncounterPointofcare",
    "type" : "StructureDefinition",
    "url" : "http://hl7.no/fhir/StructureDefinition/no-doc-Trustframework-Organization-EncounterPointofcare",
    "version" : "0.9.8",
    "name" : "AuditeventEncounterPointofcareOrganization"
  },
  {
    "id" : "no-doc-Trustframework-Organization-EncounterServiceprovider",
    "type" : "StructureDefinition",
    "url" : "http://hl7.no/fhir/StructureDefinition/no-doc-Trustframework-Organization-EncounterServiceprovider",
    "version" : "0.9.8",
    "name" : "AuditeventEncounterServiceproviderOrganization"
  },
  {
    "id" : "no-doc-Trustframework-Organization-PractitionerDepartment",
    "type" : "StructureDefinition",
    "url" : "http://hl7.no/fhir/StructureDefinition/no-doc-Trustframework-Organization-PractitionerDepartment",
    "version" : "0.9.8",
    "name" : "AuditeventDepartment"
  },
  {
    "id" : "no-doc-Trustframework-Organization-PractitionerLegalentity",
    "type" : "StructureDefinition",
    "url" : "http://hl7.no/fhir/StructureDefinition/no-doc-Trustframework-Organization-PractitionerLegalentity",
    "version" : "0.9.8",
    "name" : "AuditeventPractitionerLegalentity"
  },
  {
    "id" : "no-doc-Trustframework-Organization-PractitionerPointofcare",
    "type" : "StructureDefinition",
    "url" : "http://hl7.no/fhir/StructureDefinition/no-doc-Trustframework-Organization-PractitionerPointofcare",
    "version" : "0.9.8",
    "name" : "AuditeventPractitionerPointofcareOrganization"
  },
  {
    "id" : "no-domain-Trustframework-Auditevent",
    "type" : "StructureDefinition",
    "url" : "http://hl7.no/fhir/StructureDefinition/no-domain-Trustframework-Auditevent",
    "version" : "0.9.8",
    "name" : "NoDomainTrustframeworkAuditEvent"
  },
  {
    "id" : "no-domain-Trustframework-Encounter",
    "type" : "StructureDefinition",
    "url" : "http://hl7.no/fhir/StructureDefinition/no-domain-Trustframework-Encounter",
    "version" : "0.9.8",
    "name" : "AuditeventEncounter"
  },
  {
    "id" : "no-domain-Trustframework-Patient",
    "type" : "StructureDefinition",
    "url" : "http://hl7.no/fhir/StructureDefinition/no-domain-Trustframework-Patient",
    "version" : "0.9.8",
    "name" : "AuditeventPatient"
  },
  {
    "id" : "no-domain-Trustframework-PractitioneRole",
    "type" : "StructureDefinition",
    "url" : "http://hl7.no/fhir/StructureDefinition/no-domain-Trustframework-PractitioneRole",
    "version" : "0.9.8",
    "name" : "AuditeventPractitionerrole"
  },
  {
    "id" : "no-domain-Trustframework-Practitioner",
    "type" : "StructureDefinition",
    "url" : "http://hl7.no/fhir/StructureDefinition/no-domain-Trustframework-Practitioner",
    "version" : "0.9.8",
    "name" : "AuditEventNorwayPractitioner"
  },
  {
    "id" : "decisiontemplate",
    "type" : "CodeSystem",
    "url" : "https://terminology.dips.com/decisiontemplate",
    "version" : "0.9.8",
    "name" : "DIPSDecisionTemplate"
  }
]
