{
  "codeSystems" : [
    {
      "url" : "https://terminology.dips.com/decisiontemplate",
      "version" : "0.9.6",
      "status" : "draft",
      "name" : "DIPSDecisionTemplate",
      "title" : "DIPS decision template codes used as basis of care relation between health care personel and patient.",
      "description" : "These are templates with various justifications that can be used as a basis for accessing the patient's medical record at hospitals that utilize DIPS as their journal system.\n\nTemplates that user, if authorized, can select manually as reason for accessing patient's medical record are marked as '(Eksplisitt mal)'.\n",
      "uses" : {
      },
      "ValueSet-no-basis-auditevent-purpose-of-event.html" : "PurposeOfEvent valueset"
    }
  ]
}
