"Id","Path","Slice Name","Alias(s)","Label","Min","Max","Must Support?","Is Modifier?","Is Summary?","Type(s)","Short","Definition","Comments","Requirements","Default Value","Meaning When Missing","Fixed Value","Pattern","Example","Minimum Value","Maximum Value","Maximum Length","Binding Strength","Binding Description","Binding Value Set","Code","Slicing Discriminator","Slicing Description","Slicing Ordered","Slicing Rules","Base Path","Base Min","Base Max","Condition(s)","Constraint(s)","Mapping: Workflow Pattern","Mapping: RIM Mapping","Mapping: DICOM Tag Mapping","Mapping: FiveWs Pattern Mapping","Mapping: W3C PROV","Mapping: FHIR Provenance Mapping"
"AuditEvent","AuditEvent","","","",0,*,"","","","null {[]} {[]}
","Event record kept for security purposes","A record of an event made for purposes of maintaining a security log. Typical uses include detection of intrusion attempts and monitoring for inappropriate usage.","Based on IHE-ATNA.","","","","","","","","",,,,,"",,,,"AuditEvent",0,*,"","dom-2:If the resource is contained in another resource, it SHALL NOT contain nested Resources {contained.contained.empty()}
dom-3:If the resource is contained in another resource, it SHALL be referred to from elsewhere in the resource or SHALL refer to the containing resource {contained.where((('#'+id in (%resource.descendants().reference | %resource.descendants().as(canonical) | %resource.descendants().as(uri) | %resource.descendants().as(url))) or descendants().where(reference = '#').exists() or descendants().where(as(canonical) = '#').exists() or descendants().where(as(canonical) = '#').exists()).not()).trace('unmatched', id).empty()}dom-4:If a resource is contained in another resource, it SHALL NOT have a meta.versionId or a meta.lastUpdated {contained.meta.versionId.empty() and contained.meta.lastUpdated.empty()}dom-5:If a resource is contained in another resource, it SHALL NOT have a security label {contained.meta.security.empty()}dom-6:A resource should have narrative for robust management {text.`div`.exists()}","Event","Entity. Role, or Act","ControlAct[moodCode=EVN]","Message"
"AuditEvent.id","AuditEvent.id","","","",0,1,"","","Y","id {[]} {[]}
","Logical id of this artifact","The logical id of the resource, as used in the URL for the resource. Once assigned, this value never changes.","The only time that a resource does not have an id is when it is being submitted to the server using a create operation.","","","","","","","","",,,,,"",,,,"Resource.id",0,1,"",""
"AuditEvent.meta","AuditEvent.meta","","","",0,1,"","","Y","Meta {[]} {[]}
","Metadata about the resource","The metadata about the resource. This is content that is maintained by the infrastructure. Changes to the content might not always be associated with version changes to the resource.","","","","","","","","","",,,,,"",,,,"Resource.meta",0,1,"","ele-1:All FHIR elements must have a @value or children {hasValue() or (children().count() > id.count())}
"
"AuditEvent.implicitRules","AuditEvent.implicitRules","","","",0,1,"","Y","Y","uri {[]} {[]}
","A set of rules under which this content was created","A reference to a set of rules that were followed when the resource was constructed, and which must be understood when processing the content. Often, this is a reference to an implementation guide that defines the special rules along with other profiles etc.","Asserting this rule set restricts the content to be only understood by a limited set of trading partners. This inherently limits the usefulness of the data in the long term. However, the existing health eco-system is highly fractured, and not yet ready to define, collect, and exchange data in a generally computable sense. Wherever possible, implementers and/or specification writers should avoid using this element. Often, when used, the URL is a reference to an implementation guide that defines these special rules as part of it's narrative along with other profiles, value sets, etc.","","","","","","","","",,,,,"",,,,"Resource.implicitRules",0,1,"","ele-1:All FHIR elements must have a @value or children {hasValue() or (children().count() > id.count())}
"
"AuditEvent.language","AuditEvent.language","","","",0,1,"","","","code {[]} {[]}
","Language of the resource content","The base language in which the resource is written.","Language is provided to support indexing and accessibility (typically, services such as text to speech use the language tag). The html language tag in the narrative applies  to the narrative. The language tag on the resource may be used to specify the language of other presentations generated from the data in the resource. Not all the content has to be in the base language. The Resource.language should not be assumed to apply to the narrative automatically. If a language is specified, it should it also be specified on the div element in the html (see rules in HTML5 for information about the relationship between xml:lang and the html lang attribute).","","","","","","","","",,"preferred","A human language.","http://hl7.org/fhir/ValueSet/languages","",,,,"Resource.language",0,1,"","ele-1:All FHIR elements must have a @value or children {hasValue() or (children().count() > id.count())}
"
"AuditEvent.text","AuditEvent.text","","narrative
htmlxhtmldisplay","",0,1,"","","","Narrative {[]} {[]}
","Text summary of the resource, for human interpretation","A human-readable narrative that contains a summary of the resource and can be used to represent the content of the resource to a human. The narrative need not encode all the structured data, but is required to contain sufficient detail to make it ""clinically safe"" for a human to just read the narrative. Resource definitions may define what content should be represented in the narrative to ensure clinical safety.","Contained resources do not have narrative. Resources that are not contained SHOULD have a narrative. In some cases, a resource may only have text with little or no additional discrete data (as long as all minOccurs=1 elements are satisfied).  This may be necessary for data from legacy systems where information is captured as a ""text blob"" or where text is additionally entered raw or narrated and encoded information is added later.","","","","","","","","",,,,,"",,,,"DomainResource.text",0,1,"","ele-1:All FHIR elements must have a @value or children {hasValue() or (children().count() > id.count())}
","Act.text?"
"AuditEvent.contained","AuditEvent.contained","","inline resources
anonymous resourcescontained resources","",0,*,"","","","Resource {[]} {[]}
","Contained, inline Resources","These resources do not have an independent existence apart from the resource that contains them - they cannot be identified independently, and nor can they have their own independent transaction scope.","This should never be done when the content can be identified properly, as once identification is lost, it is extremely difficult (and context dependent) to restore it again. Contained resources may have profiles and tags In their meta elements, but SHALL NOT have security labels.","","","","","","","","",,,,,"",,,,"DomainResource.contained",0,*,"","","N/A"
"AuditEvent.extension","AuditEvent.extension","","","",1,*,"","","","Extension {[]} {[]}
","Extension","An Extension","","","","","","","","","",,,,,"","value:url}
","",,"open","DomainResource.extension",0,*,"","ele-1:All FHIR elements must have a @value or children {hasValue() or (children().count() > id.count())}
ext-1:Must have either extensions or value[x], not both {extension.exists() != value.exists()}"
"AuditEvent.extension:_encounter","AuditEvent.extension","_encounter","","",0,1,"Y","","","Extension {[CanonicalType[http://hl7.no/fhir/StructureDefinition/auditevent-encounter-extension]]} {[]}
","AuditEventEncounterExtension","Extension that extends FHIR AuditEvent R4 with Encounter reference which was introduced in FHIR AuditEvent R5","","","","","","","","","",,,,,"",,,,"DomainResource.extension",0,*,"ele-1
","ele-1:All FHIR elements must have a @value or children {hasValue() or (children().count() > id.count())}
ext-1:Must have either extensions or value[x], not both {extension.exists() != value.exists()}"
"AuditEvent.extension:_patient","AuditEvent.extension","_patient","","",1,1,"Y","","","Extension {[CanonicalType[http://hl7.no/fhir/StructureDefinition/auditevent-patient-extension]]} {[]}
","AuditEventPatientExtension","Extension that extends FHIR AuditEvent R4 with en Patient reference which was introduced in FHIR AuditEvent R5","","","","","","","","","",,,,,"",,,,"DomainResource.extension",0,*,"ele-1
","ele-1:All FHIR elements must have a @value or children {hasValue() or (children().count() > id.count())}
ext-1:Must have either extensions or value[x], not both {extension.exists() != value.exists()}"
"AuditEvent.extension:_careRelationMetaData","AuditEvent.extension","_careRelationMetaData","","",0,1,"Y","","","Extension {[CanonicalType[http://hl7.no/fhir/StructureDefinition/auditevent-carerelation-metadata-extension]]} {[]}
","toa, care_relationship:decision_ref:id, :description, :user_selected","This extensins carries information about a 'user session' defined as access to health information for a patient or group where the access criteria are the same and access occurs from a single logical system within a given time window.","","","","","","","","","",,,,,"",,,,"DomainResource.extension",0,*,"ele-1
","ele-1:All FHIR elements must have a @value or children {hasValue() or (children().count() > id.count())}
ext-1:Must have either extensions or value[x], not both {extension.exists() != value.exists()}"
"AuditEvent.extension:_careRelationMetaData.id","AuditEvent.extension.id","","","",0,1,"","","","string {[]} {[]}
","Unique id for inter-element referencing","Unique id for the element within a resource (for internal references). This may be any string value that does not contain spaces.","","","","","","","","","",,,,,"",,,,"Element.id",0,1,"","","n/a"
"AuditEvent.extension:_careRelationMetaData.extension","AuditEvent.extension.extension","","","",4,*,"","","","Extension {[]} {[]}
","Extension","An Extension","","","","","","","","","",,,,,"","value:url}
","Extensions are always sliced by (at least) url",,"open","Element.extension",0,*,"","ele-1:All FHIR elements must have a @value or children {hasValue() or (children().count() > id.count())}
ext-1:Must have either extensions or value[x], not both {extension.exists() != value.exists()}"
"AuditEvent.extension:_careRelationMetaData.extension:decision-ref-id","AuditEvent.extension.extension","decision-ref-id","","",1,1,"","","","Extension {[]} {[]}
","care_relationship:decision_ref:id","An Extension","","","","","","","","","",,,,,"",,,,"Element.extension",0,*,"","ele-1:All FHIR elements must have a @value or children {hasValue() or (children().count() > id.count())}
ext-1:Must have either extensions or value[x], not both {extension.exists() != value.exists()}"
"AuditEvent.extension:_careRelationMetaData.extension:decision-ref-id.id","AuditEvent.extension.extension.id","","","",0,1,"","","","string {[]} {[]}
","Unique id for inter-element referencing","Unique id for the element within a resource (for internal references). This may be any string value that does not contain spaces.","","","","","","","","","",,,,,"",,,,"Element.id",0,1,"","","n/a"
"AuditEvent.extension:_careRelationMetaData.extension:decision-ref-id.extension","AuditEvent.extension.extension.extension","","","",0,0,"","","","Extension {[]} {[]}
","Extension","An Extension","","","","","","","","","",,,,,"","value:url}
","Extensions are always sliced by (at least) url",,"open","Element.extension",0,*,"","ele-1:All FHIR elements must have a @value or children {hasValue() or (children().count() > id.count())}
ext-1:Must have either extensions or value[x], not both {extension.exists() != value.exists()}"
"AuditEvent.extension:_careRelationMetaData.extension:decision-ref-id.url","AuditEvent.extension.extension.url","","","",1,1,"","","","uri {[]} {[]}
","identifies the meaning of the extension","Source of the definition for the extension code - a logical name or a URL.","The definition may point directly to a computable or human-readable definition of the extensibility codes, or it may be a logical URI as declared in some other specification. The definition SHALL be a URI for the Structure Definition defining the extension.","","","","<valueUri xmlns=""http://hl7.org/fhir"" value=""decision-ref-id""/>","","","","",,,,,"",,,,"Extension.url",1,1,"","","N/A"
"AuditEvent.extension:_careRelationMetaData.extension:decision-ref-id.value[x]","AuditEvent.extension.extension.value[x]","","","",0,1,"","","","string {[]} {[]}
","care_relationship:decision_ref:id","Value of extension - must be one of a constrained set of the data types (see [Extensibility](http://hl7.org/fhir/R4/extensibility.html) for a list).","","","","","","","","","",,,,,"",,,,"Extension.value[x]",0,1,"","ele-1:All FHIR elements must have a @value or children {hasValue() or (children().count() > id.count())}
","N/A"
"AuditEvent.extension:_careRelationMetaData.extension:decision-ref-description","AuditEvent.extension.extension","decision-ref-description","","",1,1,"","","","Extension {[]} {[]}
","care_relationship:decision_ref:description","An Extension","","","","","","","","","",,,,,"",,,,"Element.extension",0,*,"","ele-1:All FHIR elements must have a @value or children {hasValue() or (children().count() > id.count())}
ext-1:Must have either extensions or value[x], not both {extension.exists() != value.exists()}"
"AuditEvent.extension:_careRelationMetaData.extension:decision-ref-description.id","AuditEvent.extension.extension.id","","","",0,1,"","","","string {[]} {[]}
","Unique id for inter-element referencing","Unique id for the element within a resource (for internal references). This may be any string value that does not contain spaces.","","","","","","","","","",,,,,"",,,,"Element.id",0,1,"","","n/a"
"AuditEvent.extension:_careRelationMetaData.extension:decision-ref-description.extension","AuditEvent.extension.extension.extension","","","",0,0,"","","","Extension {[]} {[]}
","Extension","An Extension","","","","","","","","","",,,,,"","value:url}
","Extensions are always sliced by (at least) url",,"open","Element.extension",0,*,"","ele-1:All FHIR elements must have a @value or children {hasValue() or (children().count() > id.count())}
ext-1:Must have either extensions or value[x], not both {extension.exists() != value.exists()}"
"AuditEvent.extension:_careRelationMetaData.extension:decision-ref-description.url","AuditEvent.extension.extension.url","","","",1,1,"","","","uri {[]} {[]}
","identifies the meaning of the extension","Source of the definition for the extension code - a logical name or a URL.","The definition may point directly to a computable or human-readable definition of the extensibility codes, or it may be a logical URI as declared in some other specification. The definition SHALL be a URI for the Structure Definition defining the extension.","","","","<valueUri xmlns=""http://hl7.org/fhir"" value=""decision-ref-description""/>","","","","",,,,,"",,,,"Extension.url",1,1,"","","N/A"
"AuditEvent.extension:_careRelationMetaData.extension:decision-ref-description.value[x]","AuditEvent.extension.extension.value[x]","","","",0,1,"","","","string {[]} {[]}
","care_relationship:decision_ref:description","Value of extension - must be one of a constrained set of the data types (see [Extensibility](http://hl7.org/fhir/R4/extensibility.html) for a list).","","","","","","","","","",,,,,"",,,,"Extension.value[x]",0,1,"","ele-1:All FHIR elements must have a @value or children {hasValue() or (children().count() > id.count())}
","N/A"
"AuditEvent.extension:_careRelationMetaData.extension:decision-ref-user-selected","AuditEvent.extension.extension","decision-ref-user-selected","","",1,1,"","","","Extension {[]} {[]}
","care_relationship:decision_ref:user_selected","An Extension","","","","","","","","","",,,,,"",,,,"Element.extension",0,*,"","ele-1:All FHIR elements must have a @value or children {hasValue() or (children().count() > id.count())}
ext-1:Must have either extensions or value[x], not both {extension.exists() != value.exists()}"
"AuditEvent.extension:_careRelationMetaData.extension:decision-ref-user-selected.id","AuditEvent.extension.extension.id","","","",0,1,"","","","string {[]} {[]}
","Unique id for inter-element referencing","Unique id for the element within a resource (for internal references). This may be any string value that does not contain spaces.","","","","","","","","","",,,,,"",,,,"Element.id",0,1,"","","n/a"
"AuditEvent.extension:_careRelationMetaData.extension:decision-ref-user-selected.extension","AuditEvent.extension.extension.extension","","","",0,0,"","","","Extension {[]} {[]}
","Extension","An Extension","","","","","","","","","",,,,,"","value:url}
","Extensions are always sliced by (at least) url",,"open","Element.extension",0,*,"","ele-1:All FHIR elements must have a @value or children {hasValue() or (children().count() > id.count())}
ext-1:Must have either extensions or value[x], not both {extension.exists() != value.exists()}"
"AuditEvent.extension:_careRelationMetaData.extension:decision-ref-user-selected.url","AuditEvent.extension.extension.url","","","",1,1,"","","","uri {[]} {[]}
","identifies the meaning of the extension","Source of the definition for the extension code - a logical name or a URL.","The definition may point directly to a computable or human-readable definition of the extensibility codes, or it may be a logical URI as declared in some other specification. The definition SHALL be a URI for the Structure Definition defining the extension.","","","","<valueUri xmlns=""http://hl7.org/fhir"" value=""decision-ref-user-selected""/>","","","","",,,,,"",,,,"Extension.url",1,1,"","","N/A"
"AuditEvent.extension:_careRelationMetaData.extension:decision-ref-user-selected.value[x]","AuditEvent.extension.extension.value[x]","","","",0,1,"","","","boolean {[]} {[]}
","care_relationship:decision_ref:user_selected","Value of extension - must be one of a constrained set of the data types (see [Extensibility](http://hl7.org/fhir/R4/extensibility.html) for a list).","","","","","","","","","",,,,,"",,,,"Extension.value[x]",0,1,"","ele-1:All FHIR elements must have a @value or children {hasValue() or (children().count() > id.count())}
","N/A"
"AuditEvent.extension:_careRelationMetaData.extension:toa","AuditEvent.extension.extension","toa","","",1,1,"","","","Extension {[]} {[]}
","toa","An Extension","","","","","","","","","",,,,,"",,,,"Element.extension",0,*,"","ele-1:All FHIR elements must have a @value or children {hasValue() or (children().count() > id.count())}
ext-1:Must have either extensions or value[x], not both {extension.exists() != value.exists()}"
"AuditEvent.extension:_careRelationMetaData.extension:toa.id","AuditEvent.extension.extension.id","","","",0,1,"","","","string {[]} {[]}
","Unique id for inter-element referencing","Unique id for the element within a resource (for internal references). This may be any string value that does not contain spaces.","","","","","","","","","",,,,,"",,,,"Element.id",0,1,"","","n/a"
"AuditEvent.extension:_careRelationMetaData.extension:toa.extension","AuditEvent.extension.extension.extension","","","",0,0,"","","","Extension {[]} {[]}
","Extension","An Extension","","","","","","","","","",,,,,"","value:url}
","Extensions are always sliced by (at least) url",,"open","Element.extension",0,*,"","ele-1:All FHIR elements must have a @value or children {hasValue() or (children().count() > id.count())}
ext-1:Must have either extensions or value[x], not both {extension.exists() != value.exists()}"
"AuditEvent.extension:_careRelationMetaData.extension:toa.url","AuditEvent.extension.extension.url","","","",1,1,"","","","uri {[]} {[]}
","identifies the meaning of the extension","Source of the definition for the extension code - a logical name or a URL.","The definition may point directly to a computable or human-readable definition of the extensibility codes, or it may be a logical URI as declared in some other specification. The definition SHALL be a URI for the Structure Definition defining the extension.","","","","<valueUri xmlns=""http://hl7.org/fhir"" value=""toa""/>","","","","",,,,,"",,,,"Extension.url",1,1,"","","N/A"
"AuditEvent.extension:_careRelationMetaData.extension:toa.value[x]","AuditEvent.extension.extension.value[x]","","","",0,1,"","","","unsignedInt {[]} {[]}
","toa","Value of extension - must be one of a constrained set of the data types (see [Extensibility](http://hl7.org/fhir/R4/extensibility.html) for a list).","","","","","","","","","",,,,,"",,,,"Extension.value[x]",0,1,"","ele-1:All FHIR elements must have a @value or children {hasValue() or (children().count() > id.count())}
","N/A"
"AuditEvent.extension:_careRelationMetaData.url","AuditEvent.extension.url","","","",1,1,"","","","uri {[]} {[]}
","identifies the meaning of the extension","Source of the definition for the extension code - a logical name or a URL.","The definition may point directly to a computable or human-readable definition of the extensibility codes, or it may be a logical URI as declared in some other specification. The definition SHALL be a URI for the Structure Definition defining the extension.","","","","<valueUri xmlns=""http://hl7.org/fhir"" value=""http://hl7.no/fhir/StructureDefinition/auditevent-carerelation-metadata-extension""/>","","","","",,,,,"",,,,"Extension.url",1,1,"","","N/A"
"AuditEvent.extension:_careRelationMetaData.value[x]","AuditEvent.extension.value[x]","","","",0,0,"","","","base64Binary {[]} {[]}
boolean {[]} {[]}canonical {[]} {[]}code {[]} {[]}date {[]} {[]}dateTime {[]} {[]}decimal {[]} {[]}id {[]} {[]}instant {[]} {[]}integer {[]} {[]}markdown {[]} {[]}oid {[]} {[]}positiveInt {[]} {[]}string {[]} {[]}time {[]} {[]}unsignedInt {[]} {[]}uri {[]} {[]}url {[]} {[]}uuid {[]} {[]}Address {[]} {[]}Age {[]} {[]}Annotation {[]} {[]}Attachment {[]} {[]}CodeableConcept {[]} {[]}Coding {[]} {[]}ContactPoint {[]} {[]}Count {[]} {[]}Distance {[]} {[]}Duration {[]} {[]}HumanName {[]} {[]}Identifier {[]} {[]}Money {[]} {[]}Period {[]} {[]}Quantity {[]} {[]}Range {[]} {[]}Ratio {[]} {[]}Reference {[]} {[]}SampledData {[]} {[]}Signature {[]} {[]}Timing {[]} {[]}ContactDetail {[]} {[]}Contributor {[]} {[]}DataRequirement {[]} {[]}Expression {[]} {[]}ParameterDefinition {[]} {[]}RelatedArtifact {[]} {[]}TriggerDefinition {[]} {[]}UsageContext {[]} {[]}Dosage {[]} {[]}Meta {[]} {[]}","Value of extension","Value of extension - must be one of a constrained set of the data types (see [Extensibility](http://hl7.org/fhir/R4/extensibility.html) for a list).","","","","","","","","","",,,,,"",,,,"Extension.value[x]",0,1,"","ele-1:All FHIR elements must have a @value or children {hasValue() or (children().count() > id.count())}
","N/A"
"AuditEvent.modifierExtension","AuditEvent.modifierExtension","","extensions
user content","",0,*,"","Y","","Extension {[]} {[]}
","Extensions that cannot be ignored","May be used to represent additional information that is not part of the basic definition of the resource and that modifies the understanding of the element that contains it and/or the understanding of the containing element's descendants. Usually modifier elements provide negation or qualification. To make the use of extensions safe and manageable, there is a strict set of governance applied to the definition and use of extensions. Though any implementer is allowed to define an extension, there is a set of requirements that SHALL be met as part of the definition of the extension. Applications processing a resource are required to check for modifier extensions.

Modifier extensions SHALL NOT change the meaning of any elements on Resource or DomainResource (including cannot change the meaning of modifierExtension itself).","There can be no stigma associated with the use of extensions by any application, project, or standard - regardless of the institution or jurisdiction that uses or defines the extensions.  The use of extensions is what allows the FHIR specification to retain a core level of simplicity for everyone.","Modifier extensions allow for extensions that *cannot* be safely ignored to be clearly distinguished from the vast majority of extensions which can be safely ignored.  This promotes interoperability by eliminating the need for implementers to prohibit the presence of extensions. For further information, see the [definition of modifier extensions](http://hl7.org/fhir/R4/extensibility.html#modifierExtension).","","","","","","","",,,,,"",,,,"DomainResource.modifierExtension",0,*,"","ele-1:All FHIR elements must have a @value or children {hasValue() or (children().count() > id.count())}
ext-1:Must have either extensions or value[x], not both {extension.exists() != value.exists()}","N/A"
"AuditEvent.type","AuditEvent.type","","","",1,1,"","","Y","Coding {[]} {[]}
","Type/identifier of event","Identifier for a family of the event.  For example, a menu item, program, rule, policy, function code, application name or URL. It identifies the performed function.","","This identifies the performed function. For ""Execute"" Event Action Code audit records, this identifies the application function performed.","","","","","","","",,"extensible","Type of event.","http://hl7.org/fhir/ValueSet/audit-event-type","",,,,"AuditEvent.type",1,1,"","ele-1:All FHIR elements must have a @value or children {hasValue() or (children().count() > id.count())}
","Event.code",".code (type, subtype and action are pre-coordinated or sent as translations)","EventId","FiveWs.what[x]","Activity"
"AuditEvent.subtype","AuditEvent.subtype","","","",0,*,"","","Y","Coding {[]} {[]}
","More specific type/id for the event","Identifier for the category of event.","","This field enables queries of messages by implementation-defined event categories.","","","","","","","",,"extensible","Sub-type of event.","http://hl7.org/fhir/ValueSet/audit-event-sub-type","",,,,"AuditEvent.subtype",0,*,"","ele-1:All FHIR elements must have a @value or children {hasValue() or (children().count() > id.count())}
",".code (type, subtype and action are pre-coordinated or sent as translations)","EventTypeCode","FiveWs.what[x]"
"AuditEvent.action","AuditEvent.action","","","",0,1,"","","Y","code {[]} {[]}
","Type of action performed during the event","Indicator for type of action performed during the event that generated the audit.","","This broadly indicates what kind of action was done on the AuditEvent.entity by the AuditEvent.agent.","","","","","","","",,"required","Indicator for type of action performed during the event that generated the event.","http://hl7.org/fhir/ValueSet/audit-event-action|4.0.1","",,,,"AuditEvent.action",0,1,"","ele-1:All FHIR elements must have a @value or children {hasValue() or (children().count() > id.count())}
",".code (type, subtype and action are pre-coordinated or sent as translations)","EventActionCode","FiveWs.what[x]"
"AuditEvent.period","AuditEvent.period","","","",0,1,"","","","Period {[]} {[]}
","When the activity occurred","The period during which the activity occurred.","The period can be a little arbitrary; where possible, the time should correspond to human assessment of the activity time.","","","","","","","","",,,,,"",,,,"AuditEvent.period",0,1,"","ele-1:All FHIR elements must have a @value or children {hasValue() or (children().count() > id.count())}
","Event.occurred[x]","./effectiveTime[type=IVL_TS]","EventDateTime","FiveWs.done[x]","Activity.startTime & Activity.endTime","Provenance.occurred[x]"
"AuditEvent.recorded","AuditEvent.recorded","","","",1,1,"","","Y","instant {[]} {[]}
","Time when the event was recorded","The time when the event was recorded.","In a distributed system, some sort of common time base (e.g. an NTP [RFC1305] server) is a good implementation tactic.","This ties an event to a specific date and time. Security audits typically require a consistent time base (e.g. UTC), to eliminate time-zone issues arising from geographical distribution.","","","","","","","",,,,,"",,,,"AuditEvent.recorded",1,1,"","ele-1:All FHIR elements must have a @value or children {hasValue() or (children().count() > id.count())}
",".effectiveTime","FiveWs.recorded","Activity.when","Provenance.recorded"
"AuditEvent.outcome","AuditEvent.outcome","","","",0,1,"","","Y","code {[]} {[]}
","Whether the event succeeded or failed","Indicates whether the event succeeded or failed.","In some cases a ""success"" may be partial, for example, an incomplete or interrupted transfer of a radiological study. For the purpose of establishing accountability, these distinctions are not relevant.","","","","","","","","",,"required","Indicates whether the event succeeded or failed.","http://hl7.org/fhir/ValueSet/audit-event-outcome|4.0.1","",,,,"AuditEvent.outcome",0,1,"","ele-1:All FHIR elements must have a @value or children {hasValue() or (children().count() > id.count())}
",".actionNegationInd","EventOutcomeIndicator","FiveWs.what[x]"
"AuditEvent.outcomeDesc","AuditEvent.outcomeDesc","","","",0,1,"","","Y","string {[]} {[]}
","Description of the event outcome","A free text description of the outcome of the event.","","","","","","","","","",,,,,"",,,,"AuditEvent.outcomeDesc",0,1,"","ele-1:All FHIR elements must have a @value or children {hasValue() or (children().count() > id.count())}
",".outboundRelationship[typeCode=OUT].target.text","EventOutcomeDescription","FiveWs.what[x]"
"AuditEvent.purposeOfEvent","AuditEvent.purposeOfEvent","","","",0,*,"","","Y","CodeableConcept {[]} {[]}
","care_relationship:purpose_of_use:code, :system and :text and care_relationship:purpose_of_use_details:code, :system and :text","The purposeOfUse (reason) that was used during the event being recorded.","Use AuditEvent.agent.purposeOfUse when you know that it is specific to the agent, otherwise use AuditEvent.purposeOfEvent. For example, during a machine-to-machine transfer it might not be obvious to the audit system who caused the event, but it does know why.","","","","","","","","",,"extensible","The reason the activity took place.","http://terminology.hl7.org/ValueSet/v3-PurposeOfUse","",,,,"AuditEvent.purposeOfEvent",0,*,"","ele-1:All FHIR elements must have a @value or children {hasValue() or (children().count() > id.count())}
","Event.reasonCode","* .reasonCode [ControlActReason when Act.class = CACT Control Act]
*.outboundRelationship[typeCode=RSON].target","EventPurposeOfUse","FiveWs.why[x]","Activity.Activity","Provenance.reason, Provenance.activity"
"AuditEvent.purposeOfEvent.id","AuditEvent.purposeOfEvent.id","","","",0,1,"","","","string {[]} {[]}
","Unique id for inter-element referencing","Unique id for the element within a resource (for internal references). This may be any string value that does not contain spaces.","","","","","","","","","",,,,,"",,,,"Element.id",0,1,"","","n/a"
"AuditEvent.purposeOfEvent.extension","AuditEvent.purposeOfEvent.extension","","extensions
user content","",0,*,"","","","Extension {[]} {[]}
","Additional content defined by implementations","May be used to represent additional information that is not part of the basic definition of the element. To make the use of extensions safe and manageable, there is a strict set of governance  applied to the definition and use of extensions. Though any implementer can define an extension, there is a set of requirements that SHALL be met as part of the definition of the extension.","There can be no stigma associated with the use of extensions by any application, project, or standard - regardless of the institution or jurisdiction that uses or defines the extensions.  The use of extensions is what allows the FHIR specification to retain a core level of simplicity for everyone.","","","","","","","","",,,,,"","value:url}
","Extensions are always sliced by (at least) url",,"open","Element.extension",0,*,"","ele-1:All FHIR elements must have a @value or children {hasValue() or (children().count() > id.count())}
ext-1:Must have either extensions or value[x], not both {extension.exists() != value.exists()}","n/a"
"AuditEvent.purposeOfEvent.coding","AuditEvent.purposeOfEvent.coding","","","",1,*,"","","Y","Coding {[]} {[]}
","Code defined by a terminology system","A reference to a code defined by a terminology system.","Codes may be defined very casually in enumerations, or code lists, up to very formal definitions such as SNOMED CT - see the HL7 v3 Core Principles for more information.  Ordering of codings is undefined and SHALL NOT be used to infer meaning. Generally, at most only one of the coding values will be labeled as UserSelected = true.","Allows for alternative encodings within a code system, and translations to other code systems.","","","","","","","",,,,,"","value:$this}
","",,"open","CodeableConcept.coding",0,*,"","ele-1:All FHIR elements must have a @value or children {hasValue() or (children().count() > id.count())}
","union(., ./translation)"
"AuditEvent.purposeOfEvent.coding.id","AuditEvent.purposeOfEvent.coding.id","","","",0,1,"","","","string {[]} {[]}
","Unique id for inter-element referencing","Unique id for the element within a resource (for internal references). This may be any string value that does not contain spaces.","","","","","","","","","",,,,,"",,,,"Element.id",0,1,"","","n/a"
"AuditEvent.purposeOfEvent.coding.extension","AuditEvent.purposeOfEvent.coding.extension","","extensions
user content","",0,*,"","","","Extension {[]} {[]}
","Additional content defined by implementations","May be used to represent additional information that is not part of the basic definition of the element. To make the use of extensions safe and manageable, there is a strict set of governance  applied to the definition and use of extensions. Though any implementer can define an extension, there is a set of requirements that SHALL be met as part of the definition of the extension.","There can be no stigma associated with the use of extensions by any application, project, or standard - regardless of the institution or jurisdiction that uses or defines the extensions.  The use of extensions is what allows the FHIR specification to retain a core level of simplicity for everyone.","","","","","","","","",,,,,"","value:url}
","Extensions are always sliced by (at least) url",,"open","Element.extension",0,*,"","ele-1:All FHIR elements must have a @value or children {hasValue() or (children().count() > id.count())}
ext-1:Must have either extensions or value[x], not both {extension.exists() != value.exists()}","n/a"
"AuditEvent.purposeOfEvent.coding.system","AuditEvent.purposeOfEvent.coding.system","","","",0,1,"","","Y","uri {[]} {[]}
","care_relationship:purpose_of_use:system and care_relationship:purpose_of_use_details:system","The identification of the code system that defines the meaning of the symbol in the code.","The URI may be an OID (urn:oid:...) or a UUID (urn:uuid:...).  OIDs and UUIDs SHALL be references to the HL7 OID registry. Otherwise, the URI should come from HL7's list of FHIR defined special URIs or it should reference to some definition that establishes the system clearly and unambiguously.","Need to be unambiguous about the source of the definition of the symbol.","","","","","","","",,,,,"",,,,"Coding.system",0,1,"","ele-1:All FHIR elements must have a @value or children {hasValue() or (children().count() > id.count())}
","./codeSystem"
"AuditEvent.purposeOfEvent.coding.version","AuditEvent.purposeOfEvent.coding.version","","","",0,1,"","","Y","string {[]} {[]}
","Version of the system - if relevant","The version of the code system which was used when choosing this code. Note that a well-maintained code system does not need the version reported, because the meaning of codes is consistent across versions. However this cannot consistently be assured, and when the meaning is not guaranteed to be consistent, the version SHOULD be exchanged.","Where the terminology does not clearly define what string should be used to identify code system versions, the recommendation is to use the date (expressed in FHIR date format) on which that version was officially published as the version date.","","","","","","","","",,,,,"",,,,"Coding.version",0,1,"","ele-1:All FHIR elements must have a @value or children {hasValue() or (children().count() > id.count())}
","./codeSystemVersion"
"AuditEvent.purposeOfEvent.coding.code","AuditEvent.purposeOfEvent.coding.code","","","",0,1,"","","Y","code {[]} {[]}
","care_relationship:purpose_of_use:code and care_relationship:purpose_of_use_details:code","A symbol in syntax defined by the system. The symbol may be a predefined code or an expression in a syntax defined by the coding system (e.g. post-coordination).","","Need to refer to a particular code in the system.","","","","","","","",,,,,"",,,,"Coding.code",0,1,"","ele-1:All FHIR elements must have a @value or children {hasValue() or (children().count() > id.count())}
","./code"
"AuditEvent.purposeOfEvent.coding.display","AuditEvent.purposeOfEvent.coding.display","","","",0,1,"","","Y","string {[]} {[]}
","care_relationship:purpose_of_use:text and care_relationship:purpose_of_use_details:text","A representation of the meaning of the code in the system, following the rules of the system.","","Need to be able to carry a human-readable meaning of the code for readers that do not know  the system.","","","","","","","",,,,,"",,,,"Coding.display",0,1,"","ele-1:All FHIR elements must have a @value or children {hasValue() or (children().count() > id.count())}
","CV.displayName"
"AuditEvent.purposeOfEvent.coding.userSelected","AuditEvent.purposeOfEvent.coding.userSelected","","","",0,1,"","","Y","boolean {[]} {[]}
","If this coding was chosen directly by the user","Indicates that this coding was chosen by a user directly - e.g. off a pick list of available items (codes or displays).","Amongst a set of alternatives, a directly chosen code is the most appropriate starting point for new translations. There is some ambiguity about what exactly 'directly chosen' implies, and trading partner agreement may be needed to clarify the use of this element and its consequences more completely.","This has been identified as a clinical safety criterium - that this exact system/code pair was chosen explicitly, rather than inferred by the system based on some rules or language processing.","","","","","","","",,,,,"",,,,"Coding.userSelected",0,1,"","ele-1:All FHIR elements must have a @value or children {hasValue() or (children().count() > id.count())}
","CD.codingRationale"
"AuditEvent.purposeOfEvent.coding:PURPOSE_OF_USE_VALUESET","AuditEvent.purposeOfEvent.coding","PURPOSE_OF_USE_VALUESET","","",1,1,"","","Y","Coding {[]} {[]}
","Code defined by a terminology system","A reference to a code defined by a terminology system.","Codes may be defined very casually in enumerations, or code lists, up to very formal definitions such as SNOMED CT - see the HL7 v3 Core Principles for more information.  Ordering of codings is undefined and SHALL NOT be used to infer meaning. Generally, at most only one of the coding values will be labeled as UserSelected = true.","Allows for alternative encodings within a code system, and translations to other code systems.","","","","","","","",,"required","","http://terminology.hl7.org/ValueSet/v3-PurposeOfUse","",,,,"CodeableConcept.coding",0,*,"","ele-1:All FHIR elements must have a @value or children {hasValue() or (children().count() > id.count())}
","union(., ./translation)"
"AuditEvent.purposeOfEvent.coding:DIPS_DECISIONTEMPLATE","AuditEvent.purposeOfEvent.coding","DIPS_DECISIONTEMPLATE","","",0,1,"","","Y","Coding {[]} {[]}
","DIPS Decision template terminology (see https://hl7norway.github.io/AuditEvent/currentbuild/CodeSystem-decisiontemplate.html)","A reference to a code defined by a terminology system.","Codes may be defined very casually in enumerations, or code lists, up to very formal definitions such as SNOMED CT - see the HL7 v3 Core Principles for more information.  Ordering of codings is undefined and SHALL NOT be used to infer meaning. Generally, at most only one of the coding values will be labeled as UserSelected = true.","Allows for alternative encodings within a code system, and translations to other code systems.","","","","","","","",,"required","DIPS","https://terminology.dips.com/decisiontemplate","",,,,"CodeableConcept.coding",0,*,"","ele-1:All FHIR elements must have a @value or children {hasValue() or (children().count() > id.count())}
","union(., ./translation)"
"AuditEvent.purposeOfEvent.coding:VOLVEN_9151","AuditEvent.purposeOfEvent.coding","VOLVEN_9151","","",0,1,"","","Y","Coding {[]} {[]}
","Volven 9151","Tjenestetype i helse- og omsorgstjenesten (OID=9151)","Codes may be defined very casually in enumerations, or code lists, up to very formal definitions such as SNOMED CT - see the HL7 v3 Core Principles for more information.  Ordering of codings is undefined and SHALL NOT be used to infer meaning. Generally, at most only one of the coding values will be labeled as UserSelected = true.","Allows for alternative encodings within a code system, and translations to other code systems.","","","","","","","",,"required","Volven","urn:oid:2.16.578.1.12.4.1.1.9151","",,,,"CodeableConcept.coding",0,*,"","ele-1:All FHIR elements must have a @value or children {hasValue() or (children().count() > id.count())}
","union(., ./translation)"
"AuditEvent.purposeOfEvent.text","AuditEvent.purposeOfEvent.text","","","",0,1,"","","Y","string {[]} {[]}
","Plain text representation of the concept","A human language representation of the concept as seen/selected/uttered by the user who entered the data and/or which represents the intended meaning of the user.","Very often the text is the same as a displayName of one of the codings.","The codes from the terminologies do not always capture the correct meaning with all the nuances of the human using them, or sometimes there is no appropriate code at all. In these cases, the text is used to capture the full meaning of the source.","","","","","","","",,,,,"",,,,"CodeableConcept.text",0,1,"","ele-1:All FHIR elements must have a @value or children {hasValue() or (children().count() > id.count())}
","./originalText[mediaType/code=""text/plain""]/data"
"AuditEvent.agent","AuditEvent.agent","","ActiveParticipant
","",1,*,"","","","BackboneElement {[]} {[]}
","Actor involved in the event","An actor taking an active role in the event or activity that is logged.","Several agents may be associated (i.e. have some responsibility for an activity) with an event or activity.

For example, an activity may be initiated by one user for other users or involve more than one user. However, only one user may be the initiator/requestor for the activity.","An agent can be a person, an organization, software, device, or other actors that may be ascribed responsibility.","","","","","","","",,,,,"",,,,"AuditEvent.agent",1,*,"","ele-1:All FHIR elements must have a @value or children {hasValue() or (children().count() > id.count())}
","Event.performer",".participation","ActiveParticipant","FiveWs.who","Agent","Provenance.agent"
"AuditEvent.agent.id","AuditEvent.agent.id","","","",0,1,"","","","string {[]} {[]}
","Unique id for inter-element referencing","Unique id for the element within a resource (for internal references). This may be any string value that does not contain spaces.","","","","","","","","","",,,,,"",,,,"Element.id",0,1,"","","n/a"
"AuditEvent.agent.extension","AuditEvent.agent.extension","","extensions
user content","",0,*,"","","","Extension {[]} {[]}
","Additional content defined by implementations","May be used to represent additional information that is not part of the basic definition of the element. To make the use of extensions safe and manageable, there is a strict set of governance  applied to the definition and use of extensions. Though any implementer can define an extension, there is a set of requirements that SHALL be met as part of the definition of the extension.","There can be no stigma associated with the use of extensions by any application, project, or standard - regardless of the institution or jurisdiction that uses or defines the extensions.  The use of extensions is what allows the FHIR specification to retain a core level of simplicity for everyone.","","","","","","","","",,,,,"",,,,"Element.extension",0,*,"","ele-1:All FHIR elements must have a @value or children {hasValue() or (children().count() > id.count())}
ext-1:Must have either extensions or value[x], not both {extension.exists() != value.exists()}","n/a"
"AuditEvent.agent.modifierExtension","AuditEvent.agent.modifierExtension","","extensions
user contentmodifiers","",0,*,"","Y","Y","Extension {[]} {[]}
","Extensions that cannot be ignored even if unrecognized","May be used to represent additional information that is not part of the basic definition of the element and that modifies the understanding of the element in which it is contained and/or the understanding of the containing element's descendants. Usually modifier elements provide negation or qualification. To make the use of extensions safe and manageable, there is a strict set of governance applied to the definition and use of extensions. Though any implementer can define an extension, there is a set of requirements that SHALL be met as part of the definition of the extension. Applications processing a resource are required to check for modifier extensions.

Modifier extensions SHALL NOT change the meaning of any elements on Resource or DomainResource (including cannot change the meaning of modifierExtension itself).","There can be no stigma associated with the use of extensions by any application, project, or standard - regardless of the institution or jurisdiction that uses or defines the extensions.  The use of extensions is what allows the FHIR specification to retain a core level of simplicity for everyone.","Modifier extensions allow for extensions that *cannot* be safely ignored to be clearly distinguished from the vast majority of extensions which can be safely ignored.  This promotes interoperability by eliminating the need for implementers to prohibit the presence of extensions. For further information, see the [definition of modifier extensions](http://hl7.org/fhir/R4/extensibility.html#modifierExtension).","","","","","","","",,,,,"",,,,"BackboneElement.modifierExtension",0,*,"","ele-1:All FHIR elements must have a @value or children {hasValue() or (children().count() > id.count())}
ext-1:Must have either extensions or value[x], not both {extension.exists() != value.exists()}","N/A"
"AuditEvent.agent.type","AuditEvent.agent.type","","","",0,1,"","","","CodeableConcept {[]} {[]}
","How agent participated","Specification of the participation type the user plays when performing the event.","","","","","","","","","",,"extensible","The Participation type of the agent to the event.","http://hl7.org/fhir/ValueSet/participation-role-type","",,,,"AuditEvent.agent.type",0,1,"","ele-1:All FHIR elements must have a @value or children {hasValue() or (children().count() > id.count())}
","Event.performer.function",".typeCode and/or .functionCode","RoleIdCode","FiveWs.who","Agent.Attribution","Provenance.agent.type"
"AuditEvent.agent.role","AuditEvent.agent.role","","","",0,*,"","","","CodeableConcept {[]} {[]}
","Agent role in the event","The security role that the user was acting under, that come from local codes defined by the access control security system (e.g. RBAC, ABAC) used in the local context.","Should be roles relevant to the event. Should  not be an exhaustive list of roles.","This value ties an audited event to a user's role(s). It is an optional value that might be used to group events for analysis by user functional role categories.","","","","","","","",,"example","What security role enabled the agent to participate in the event.","http://hl7.org/fhir/ValueSet/security-role-type","",,,,"AuditEvent.agent.role",0,*,"","ele-1:All FHIR elements must have a @value or children {hasValue() or (children().count() > id.count())}
",".role","RoleIdCode","FiveWs.who","Agent.Attribution","Provenance.agent.role"
"AuditEvent.agent.who","AuditEvent.agent.who","","userId
","",1,1,"","","Y","Reference {[]} {[CanonicalType[http://hl7.no/fhir/StructureDefinition/no-domain-Trustframework-PractitioneRole]]}
","Identifier of who","Reference to who this agent is that was involved in the event.","Where a User ID is available it will go into who.identifier.","This field ties an audit event to a specific resource or identifier.","","","","","","","",,,,,"",,,,"AuditEvent.agent.who",0,1,"","ele-1:All FHIR elements must have a @value or children {hasValue() or (children().count() > id.count())}
","Event.performer.actor",".id","UserId","FiveWs.who","Agent.Identity","Provenance.agent.who"
"AuditEvent.agent.altId","AuditEvent.agent.altId","","","",0,1,"","","","string {[]} {[]}
","Alternative User identity","Alternative agent Identifier. For a human, this should be a user identifier text string from authentication system. This identifier would be one known to a common authentication system (e.g. single sign-on), if available.","","In some situations, a human user may authenticate with one identity but, to access a specific application system, may use a synonymous identify. For example, some ""single sign on"" implementations will do this. The alternative identifier would then be the original identify  used for authentication, and the User ID is the one known to and used by the application.","","","","","","","",,,,,"",,,,"AuditEvent.agent.altId",0,1,"","ele-1:All FHIR elements must have a @value or children {hasValue() or (children().count() > id.count())}
",".id (distinguish id type by root)","AlternativeUserId","FiveWs.who","Agent.Identity"
"AuditEvent.agent.name","AuditEvent.agent.name","","","",0,1,"","","","string {[]} {[]}
","Human friendly name for the agent","Human-meaningful name for the agent.","","The User ID and Authorization User ID may be internal or otherwise obscure values. This field assists the auditor in identifying the actual user.","","","","","","","",,,,,"",,,,"AuditEvent.agent.name",0,1,"","ele-1:All FHIR elements must have a @value or children {hasValue() or (children().count() > id.count())}
",".name","UserName","FiveWs.who","Agent.Identity"
"AuditEvent.agent.requestor","AuditEvent.agent.requestor","","","",1,1,"","","Y","boolean {[]} {[]}
","Whether user is initiator","Indicator that the user is or is not the requestor, or initiator, for the event being audited.","There can only be one initiator. If the initiator is not clear, then do not choose any one agent as the initiator.","This value is used to distinguish between requestor-users and recipient-users. For example, one person may initiate a report-output to be sent to another user.","","","","","","","",,,,,"",,,,"AuditEvent.agent.requestor",1,1,"","ele-1:All FHIR elements must have a @value or children {hasValue() or (children().count() > id.count())}
","If participation.typeCode was author, then true","UserIsRequestor","FiveWs.who"
"AuditEvent.agent.location","AuditEvent.agent.location","","","",0,1,"","","","Reference {[]} {[CanonicalType[http://hl7.org/fhir/StructureDefinition/Location]]}
","Where","Where the event occurred.","","","","","","","","","",,,,,"",,,,"AuditEvent.agent.location",0,1,"","ele-1:All FHIR elements must have a @value or children {hasValue() or (children().count() > id.count())}
","Event.location","* Role.Class =SDLOC
*Role.Code = ServiceDeliveryLocationRoleType
 *Entity.Code  = PlaceEntityType = df.Types of places for  Entity.Class = PLC
*EntityClass = PLC = df.A physical place or site with its containing structure. May be natural or man-made. The geographic position of a place might or might not be constant.","FiveWs.where[x]","Activity.location","Provenance.location"
"AuditEvent.agent.policy","AuditEvent.agent.policy","","","",0,*,"","","","uri {[]} {[]}
","Policy that authorized event","The policy or plan that authorized the activity being recorded. Typically, a single activity may have multiple applicable policies, such as patient consent, guarantor funding, etc. The policy would also indicate the security token used.","For example: Where an OAuth token authorizes, the unique identifier from the OAuth token is placed into the policy element Where a policy engine (e.g. XACML) holds policy logic, the unique policy identifier is placed into the policy element.","This value is used retrospectively to determine the authorization policies.","","","","","","","",,,,,"",,,,"AuditEvent.agent.policy",0,*,"","ele-1:All FHIR elements must have a @value or children {hasValue() or (children().count() > id.count())}
","ActPolicyType","ParticipantRoleIDCode","FiveWs.why[x]","Provenance.policy"
"AuditEvent.agent.media","AuditEvent.agent.media","","","",0,1,"","","","Coding {[]} {[]}
","Type of media","Type of media involved. Used when the event is about exporting/importing onto media.","","Usually, this is used instead of specifying a network address. This field is not used for Media Id (i.e. the serial number of a CD).","","","","","","","",,"extensible","Used when the event is about exporting/importing onto media.","http://hl7.org/fhir/ValueSet/dicm-405-mediatype","",,,,"AuditEvent.agent.media",0,1,"","ele-1:All FHIR elements must have a @value or children {hasValue() or (children().count() > id.count())}
",".player.description.mediaType","MediaType","FiveWs.where[x]"
"AuditEvent.agent.network","AuditEvent.agent.network","","","",0,1,"","","","BackboneElement {[]} {[]}
","Logical network location for application activity","Logical network location for application activity, if the activity has a network location.","","","","","","","","","",,,,,"",,,,"AuditEvent.agent.network",0,1,"","ele-1:All FHIR elements must have a @value or children {hasValue() or (children().count() > id.count())}
",".player.description.reference","FiveWs.where[x]"
"AuditEvent.agent.network.id","AuditEvent.agent.network.id","","","",0,1,"","","","string {[]} {[]}
","Unique id for inter-element referencing","Unique id for the element within a resource (for internal references). This may be any string value that does not contain spaces.","","","","","","","","","",,,,,"",,,,"Element.id",0,1,"","","n/a"
"AuditEvent.agent.network.extension","AuditEvent.agent.network.extension","","extensions
user content","",0,*,"","","","Extension {[]} {[]}
","Additional content defined by implementations","May be used to represent additional information that is not part of the basic definition of the element. To make the use of extensions safe and manageable, there is a strict set of governance  applied to the definition and use of extensions. Though any implementer can define an extension, there is a set of requirements that SHALL be met as part of the definition of the extension.","There can be no stigma associated with the use of extensions by any application, project, or standard - regardless of the institution or jurisdiction that uses or defines the extensions.  The use of extensions is what allows the FHIR specification to retain a core level of simplicity for everyone.","","","","","","","","",,,,,"",,,,"Element.extension",0,*,"","ele-1:All FHIR elements must have a @value or children {hasValue() or (children().count() > id.count())}
ext-1:Must have either extensions or value[x], not both {extension.exists() != value.exists()}","n/a"
"AuditEvent.agent.network.modifierExtension","AuditEvent.agent.network.modifierExtension","","extensions
user contentmodifiers","",0,*,"","Y","Y","Extension {[]} {[]}
","Extensions that cannot be ignored even if unrecognized","May be used to represent additional information that is not part of the basic definition of the element and that modifies the understanding of the element in which it is contained and/or the understanding of the containing element's descendants. Usually modifier elements provide negation or qualification. To make the use of extensions safe and manageable, there is a strict set of governance applied to the definition and use of extensions. Though any implementer can define an extension, there is a set of requirements that SHALL be met as part of the definition of the extension. Applications processing a resource are required to check for modifier extensions.

Modifier extensions SHALL NOT change the meaning of any elements on Resource or DomainResource (including cannot change the meaning of modifierExtension itself).","There can be no stigma associated with the use of extensions by any application, project, or standard - regardless of the institution or jurisdiction that uses or defines the extensions.  The use of extensions is what allows the FHIR specification to retain a core level of simplicity for everyone.","Modifier extensions allow for extensions that *cannot* be safely ignored to be clearly distinguished from the vast majority of extensions which can be safely ignored.  This promotes interoperability by eliminating the need for implementers to prohibit the presence of extensions. For further information, see the [definition of modifier extensions](http://hl7.org/fhir/R4/extensibility.html#modifierExtension).","","","","","","","",,,,,"",,,,"BackboneElement.modifierExtension",0,*,"","ele-1:All FHIR elements must have a @value or children {hasValue() or (children().count() > id.count())}
ext-1:Must have either extensions or value[x], not both {extension.exists() != value.exists()}","N/A"
"AuditEvent.agent.network.address","AuditEvent.agent.network.address","","","",0,1,"","","","string {[]} {[]}
","Identifier for the network access point of the user device","An identifier for the network access point of the user device for the audit event.","This could be a device id, IP address or some other identifier associated with a device.","This datum identifies the user's network access point, which may be distinct from the server that performed the action. It is an optional value that may be used to group events recorded on separate servers for analysis of a specific network access point's data access across all servers.","","","","","","","",,,,,"",,,,"AuditEvent.agent.network.address",0,1,"","ele-1:All FHIR elements must have a @value or children {hasValue() or (children().count() > id.count())}
","pre-coordinated into URL","NetworkAccessPointID","FiveWs.where[x]","Agent.Location"
"AuditEvent.agent.network.type","AuditEvent.agent.network.type","","","",0,1,"","","","code {[]} {[]}
","The type of network access point","An identifier for the type of network access point that originated the audit event.","","This datum identifies the type of network access point identifier of the user device for the audit event. It is an optional value that may be used to group events recorded on separate servers for analysis of access according to a network access point's type.","","","","","","","",,"required","The type of network access point of this agent in the audit event.","http://hl7.org/fhir/ValueSet/network-type|4.0.1","",,,,"AuditEvent.agent.network.type",0,1,"","ele-1:All FHIR elements must have a @value or children {hasValue() or (children().count() > id.count())}
","pre-coordinated into URL","NetworkAccessPointTypeCode","FiveWs.where[x]"
"AuditEvent.agent.purposeOfUse","AuditEvent.agent.purposeOfUse","","","",0,*,"","","","CodeableConcept {[]} {[]}
","Reason given for this user","The reason (purpose of use), specific to this agent, that was used during the event being recorded.","Use AuditEvent.agent.purposeOfUse when you know that is specific to the agent, otherwise use AuditEvent.purposeOfEvent. For example, during a machine-to-machine transfer it might not be obvious to the audit system who caused the event, but it does know why.","","","","","","","","",,"extensible","The reason the activity took place.","http://terminology.hl7.org/ValueSet/v3-PurposeOfUse","",,,,"AuditEvent.agent.purposeOfUse",0,*,"","ele-1:All FHIR elements must have a @value or children {hasValue() or (children().count() > id.count())}
","*.reasonCode [ActHealthInformationPurposeOfUseReason codes/v:PurposeOfUse
(2.16.840.1.113883.1.11.20448)
* .outboundRelationship[typeCode=RSON or SUBJ].target","FiveWs.why[x]","Agent.Activity"
"AuditEvent.source","AuditEvent.source","","","",1,1,"","","","BackboneElement {[]} {[]}
","Audit Event Reporter","The system that is reporting the event.","Since multi-tier, distributed, or composite applications make source identification ambiguous, this collection of fields may repeat for each application or process actively involved in the event. For example, multiple value-sets can identify participating web servers, application processes, and database server threads in an n-tier distributed application. Passive event participants (e.g. low-level network transports) need not be identified.","The event is reported by one source.","","","","","","","",,,,,"",,,,"AuditEvent.source",1,1,"","ele-1:All FHIR elements must have a @value or children {hasValue() or (children().count() > id.count())}
",".participation[typeCode=INF].role[classCode=ASSIGN].player[classCode=DEV, determinerCode=INSTANCE]","AuditSourceIdentification","FiveWs.witness"
"AuditEvent.source.id","AuditEvent.source.id","","","",0,1,"","","","string {[]} {[]}
","Unique id for inter-element referencing","Unique id for the element within a resource (for internal references). This may be any string value that does not contain spaces.","","","","","","","","","",,,,,"",,,,"Element.id",0,1,"","","n/a"
"AuditEvent.source.extension","AuditEvent.source.extension","","extensions
user content","",0,*,"","","","Extension {[]} {[]}
","Additional content defined by implementations","May be used to represent additional information that is not part of the basic definition of the element. To make the use of extensions safe and manageable, there is a strict set of governance  applied to the definition and use of extensions. Though any implementer can define an extension, there is a set of requirements that SHALL be met as part of the definition of the extension.","There can be no stigma associated with the use of extensions by any application, project, or standard - regardless of the institution or jurisdiction that uses or defines the extensions.  The use of extensions is what allows the FHIR specification to retain a core level of simplicity for everyone.","","","","","","","","",,,,,"",,,,"Element.extension",0,*,"","ele-1:All FHIR elements must have a @value or children {hasValue() or (children().count() > id.count())}
ext-1:Must have either extensions or value[x], not both {extension.exists() != value.exists()}","n/a"
"AuditEvent.source.modifierExtension","AuditEvent.source.modifierExtension","","extensions
user contentmodifiers","",0,*,"","Y","Y","Extension {[]} {[]}
","Extensions that cannot be ignored even if unrecognized","May be used to represent additional information that is not part of the basic definition of the element and that modifies the understanding of the element in which it is contained and/or the understanding of the containing element's descendants. Usually modifier elements provide negation or qualification. To make the use of extensions safe and manageable, there is a strict set of governance applied to the definition and use of extensions. Though any implementer can define an extension, there is a set of requirements that SHALL be met as part of the definition of the extension. Applications processing a resource are required to check for modifier extensions.

Modifier extensions SHALL NOT change the meaning of any elements on Resource or DomainResource (including cannot change the meaning of modifierExtension itself).","There can be no stigma associated with the use of extensions by any application, project, or standard - regardless of the institution or jurisdiction that uses or defines the extensions.  The use of extensions is what allows the FHIR specification to retain a core level of simplicity for everyone.","Modifier extensions allow for extensions that *cannot* be safely ignored to be clearly distinguished from the vast majority of extensions which can be safely ignored.  This promotes interoperability by eliminating the need for implementers to prohibit the presence of extensions. For further information, see the [definition of modifier extensions](http://hl7.org/fhir/R4/extensibility.html#modifierExtension).","","","","","","","",,,,,"",,,,"BackboneElement.modifierExtension",0,*,"","ele-1:All FHIR elements must have a @value or children {hasValue() or (children().count() > id.count())}
ext-1:Must have either extensions or value[x], not both {extension.exists() != value.exists()}","N/A"
"AuditEvent.source.site","AuditEvent.source.site","","","",0,1,"","","","string {[]} {[]}
","Logical source location within the enterprise","Logical source location within the healthcare enterprise network.  For example, a hospital or other provider location within a multi-entity provider group.","","This value differentiates among the sites in a multi-site enterprise health information system.","","","","","","","",,,,,"",,,,"AuditEvent.source.site",0,1,"","ele-1:All FHIR elements must have a @value or children {hasValue() or (children().count() > id.count())}
",".scopedRole[classCode=LOCE].player.desc","AuditEnterpriseSiteId","FiveWs.witness"
"AuditEvent.source.observer","AuditEvent.source.observer","","SourceId
","",1,1,"","","Y","Reference {[]} {[CanonicalType[http://hl7.org/fhir/StructureDefinition/PractitionerRole], CanonicalType[http://hl7.org/fhir/StructureDefinition/Practitioner], CanonicalType[http://hl7.org/fhir/StructureDefinition/Organization], CanonicalType[http://hl7.org/fhir/StructureDefinition/Device], CanonicalType[http://hl7.org/fhir/StructureDefinition/Patient], CanonicalType[http://hl7.org/fhir/StructureDefinition/RelatedPerson]]}
","The identity of source detecting the event","Identifier of the source where the event was detected.","","This field ties the event to a specific source system. It may be used to group events for analysis according to where the event was detected.","","","","","","","",,,,,"",,,,"AuditEvent.source.observer",1,1,"","ele-1:All FHIR elements must have a @value or children {hasValue() or (children().count() > id.count())}
",".id","AuditSourceId","FiveWs.witness"
"AuditEvent.source.type","AuditEvent.source.type","","","",0,*,"","","","Coding {[]} {[]}
","The type of source where event originated","Code specifying the type of source where event originated.","","This field indicates which type of source is identified by the Audit Source ID. It is an optional value that may be used to group events for analysis according to the type of source where the event occurred.","","","","","","","",,"extensible","Code specifying the type of system that detected and recorded the event.","http://hl7.org/fhir/ValueSet/audit-source-type","",,,,"AuditEvent.source.type",0,*,"","ele-1:All FHIR elements must have a @value or children {hasValue() or (children().count() > id.count())}
",".code","AuditSourceTypeCode","FiveWs.witness"
"AuditEvent.entity","AuditEvent.entity","","ParticipantObject
","",0,*,"","","","BackboneElement {[]} {[]}
","Data or objects used","Specific instances of data or objects that have been accessed.","Required unless the values for event identification, agent identification, and audit source identification are sufficient to document the entire auditable event. Because events may have more than one entity, this group can be a repeating set of values.","The event may have other entities involved.","","","","","","","",,,,,"",,,,"AuditEvent.entity",0,*,"","ele-1:All FHIR elements must have a @value or children {hasValue() or (children().count() > id.count())}
sev-1:Either a name or a query (NOT both) {name.empty() or query.empty()}",".outboundRelationship[typeCode=SUBJ].target  or  .participation[typeCode=SBJ].role","ParticipantObjectIdentification","FiveWs.what[x]","Entity","Provenance.target, Provenance.entity"
"AuditEvent.entity.id","AuditEvent.entity.id","","","",0,1,"","","","string {[]} {[]}
","Unique id for inter-element referencing","Unique id for the element within a resource (for internal references). This may be any string value that does not contain spaces.","","","","","","","","","",,,,,"",,,,"Element.id",0,1,"","","n/a"
"AuditEvent.entity.extension","AuditEvent.entity.extension","","extensions
user content","",0,*,"","","","Extension {[]} {[]}
","Additional content defined by implementations","May be used to represent additional information that is not part of the basic definition of the element. To make the use of extensions safe and manageable, there is a strict set of governance  applied to the definition and use of extensions. Though any implementer can define an extension, there is a set of requirements that SHALL be met as part of the definition of the extension.","There can be no stigma associated with the use of extensions by any application, project, or standard - regardless of the institution or jurisdiction that uses or defines the extensions.  The use of extensions is what allows the FHIR specification to retain a core level of simplicity for everyone.","","","","","","","","",,,,,"",,,,"Element.extension",0,*,"","ele-1:All FHIR elements must have a @value or children {hasValue() or (children().count() > id.count())}
ext-1:Must have either extensions or value[x], not both {extension.exists() != value.exists()}","n/a"
"AuditEvent.entity.modifierExtension","AuditEvent.entity.modifierExtension","","extensions
user contentmodifiers","",0,*,"","Y","Y","Extension {[]} {[]}
","Extensions that cannot be ignored even if unrecognized","May be used to represent additional information that is not part of the basic definition of the element and that modifies the understanding of the element in which it is contained and/or the understanding of the containing element's descendants. Usually modifier elements provide negation or qualification. To make the use of extensions safe and manageable, there is a strict set of governance applied to the definition and use of extensions. Though any implementer can define an extension, there is a set of requirements that SHALL be met as part of the definition of the extension. Applications processing a resource are required to check for modifier extensions.

Modifier extensions SHALL NOT change the meaning of any elements on Resource or DomainResource (including cannot change the meaning of modifierExtension itself).","There can be no stigma associated with the use of extensions by any application, project, or standard - regardless of the institution or jurisdiction that uses or defines the extensions.  The use of extensions is what allows the FHIR specification to retain a core level of simplicity for everyone.","Modifier extensions allow for extensions that *cannot* be safely ignored to be clearly distinguished from the vast majority of extensions which can be safely ignored.  This promotes interoperability by eliminating the need for implementers to prohibit the presence of extensions. For further information, see the [definition of modifier extensions](http://hl7.org/fhir/R4/extensibility.html#modifierExtension).","","","","","","","",,,,,"",,,,"BackboneElement.modifierExtension",0,*,"","ele-1:All FHIR elements must have a @value or children {hasValue() or (children().count() > id.count())}
ext-1:Must have either extensions or value[x], not both {extension.exists() != value.exists()}","N/A"
"AuditEvent.entity.what","AuditEvent.entity.what","","","",0,1,"","","Y","Reference {[]} {[CanonicalType[http://hl7.org/fhir/StructureDefinition/Resource]]}
","Specific instance of resource","Identifies a specific instance of the entity. The reference should be version specific.","","","","","","","","","",,,,,"",,,,"AuditEvent.entity.what",0,1,"","ele-1:All FHIR elements must have a @value or children {hasValue() or (children().count() > id.count())}
",".id","ParticipantObjectID and ParticipantObjectIDTypeCode","FiveWs.what[x]","Provenance.target, Provenance.entity.what"
"AuditEvent.entity.type","AuditEvent.entity.type","","","",0,1,"","","","Coding {[]} {[]}
","Type of entity involved","The type of the object that was involved in this audit event.","This value is distinct from the user's role or any user relationship to the entity.","To describe the object being acted upon. In addition to queries on the subject of the action in an auditable event, it is also important to be able to query on the object type for the action.","","","","","","","",,"extensible","Code for the entity type involved in the audit event.","http://hl7.org/fhir/ValueSet/audit-entity-type","",,,,"AuditEvent.entity.type",0,1,"","ele-1:All FHIR elements must have a @value or children {hasValue() or (children().count() > id.count())}
","[self::Act].code or role.player.code","ParticipantObjectTypeCode","FiveWs.what[x]","Entity.type","Provenance.entity.type"
"AuditEvent.entity.role","AuditEvent.entity.role","","","",0,1,"","","","Coding {[]} {[]}
","What role the entity played","Code representing the role the entity played in the event being audited.","","For some detailed audit analysis it may be necessary to indicate a more granular type of entity, based on the application role it serves.","","","","","","","",,"extensible","Code representing the role the entity played in the audit event.","http://hl7.org/fhir/ValueSet/object-role","",,,,"AuditEvent.entity.role",0,1,"","ele-1:All FHIR elements must have a @value or children {hasValue() or (children().count() > id.count())}
","role.code (not sure what this would mean for an Act)","ParticipantObjectTypeCodeRole","FiveWs.context","Entity.role"
"AuditEvent.entity.lifecycle","AuditEvent.entity.lifecycle","","","",0,1,"","","","Coding {[]} {[]}
","Life-cycle stage for the entity","Identifier for the data life-cycle stage for the entity.","This can be used to provide an audit trail for data, over time, as it passes through the system.","Institutional policies for privacy and security may optionally fall under different accountability rules based on data life cycle. This provides a differentiating value for those cases.","","","","","","","",,"extensible","Identifier for the data life-cycle stage for the entity.","http://hl7.org/fhir/ValueSet/object-lifecycle-events","",,,,"AuditEvent.entity.lifecycle",0,1,"","ele-1:All FHIR elements must have a @value or children {hasValue() or (children().count() > id.count())}
","target of ObservationEvent[code=""lifecycle""].value","ParticipantObjectDataLifeCycle","FiveWs.context","Entity.role","Provenance.entity.role"
"AuditEvent.entity.securityLabel","AuditEvent.entity.securityLabel","","","",0,*,"","","","Coding {[]} {[]}
","Security labels on the entity","Security labels for the identified entity.","Copied from entity meta security tags.","This field identifies the security labels for a specific instance of an object, such as a patient, to detect/track privacy and security issues.","","","","","","","",,"extensible","Security Labels from the Healthcare Privacy and Security Classification System.","http://hl7.org/fhir/ValueSet/security-labels","",,,,"AuditEvent.entity.securityLabel",0,*,"","ele-1:All FHIR elements must have a @value or children {hasValue() or (children().count() > id.count())}
",".confidentialityCode","ParticipantObjectSensitivity","FiveWs.context"
"AuditEvent.entity.name","AuditEvent.entity.name","","","",0,1,"","","Y","string {[]} {[]}
","Descriptor for entity","A name of the entity in the audit event.","This field may be used in a query/report to identify audit events for a specific person.  For example, where multiple synonymous entity identifiers (patient number, medical record number, encounter number, etc.) have been used.","Use only where entity can't be identified with an identifier.","","","","","","","",,,,,"",,,,"AuditEvent.entity.name",0,1,"sev-1
","ele-1:All FHIR elements must have a @value or children {hasValue() or (children().count() > id.count())}
",".title","ParticipantObjectName","FiveWs.context","Entity.Label"
"AuditEvent.entity.description","AuditEvent.entity.description","","","",0,1,"","","","string {[]} {[]}
","Descriptive text","Text that describes the entity in more detail.","","Use only where entity can't be identified with an identifier.","","","","","","","",,,,,"",,,,"AuditEvent.entity.description",0,1,"","ele-1:All FHIR elements must have a @value or children {hasValue() or (children().count() > id.count())}
",".text","ParticipantObjectDescription","FiveWs.context"
"AuditEvent.entity.query","AuditEvent.entity.query","","","",0,1,"","","Y","base64Binary {[]} {[]}
","Query parameters","The query parameters for a query-type entities.","The meaning and secondary-encoding of the content of base64 encoded blob is specific to the AuditEvent.type, AuditEvent.subtype, AuditEvent.entity.type, and AuditEvent.entity.role.  The base64 is a general-use and safe container for event specific data blobs regardless of the encoding used by the transaction being recorded.  An AuditEvent consuming application must understand the event it is consuming and the formats used by the event. For example, if auditing an Oracle network database access, the Oracle formats must be understood as they will be simply encoded in the base64binary blob.","For query events, it may be necessary to capture the actual query input to the query process in order to identify the specific event. Because of differences among query implementations and data encoding for them, this is a base 64 encoded data blob. It may be subsequently decoded or interpreted by downstream audit analysis processing.","","","","","","","",,,,,"",,,,"AuditEvent.entity.query",0,1,"sev-1
","ele-1:All FHIR elements must have a @value or children {hasValue() or (children().count() > id.count())}
","No mapping","ParticipantObjectQuery","FiveWs.context"
"AuditEvent.entity.detail","AuditEvent.entity.detail","","","",0,*,"","","","BackboneElement {[]} {[]}
","Additional Information about the entity","Tagged value pairs for conveying additional information about the entity.","","Implementation-defined data about specific details of the object accessed or used.","","","","","","","",,,,,"",,,,"AuditEvent.entity.detail",0,*,"","ele-1:All FHIR elements must have a @value or children {hasValue() or (children().count() > id.count())}
",".inboundRelationship[typeCode=SUBJ].target[classCode=OBS, moodCode=EVN]","ParticipantObjectDetail","FiveWs.context"
"AuditEvent.entity.detail.id","AuditEvent.entity.detail.id","","","",0,1,"","","","string {[]} {[]}
","Unique id for inter-element referencing","Unique id for the element within a resource (for internal references). This may be any string value that does not contain spaces.","","","","","","","","","",,,,,"",,,,"Element.id",0,1,"","","n/a"
"AuditEvent.entity.detail.extension","AuditEvent.entity.detail.extension","","extensions
user content","",0,*,"","","","Extension {[]} {[]}
","Additional content defined by implementations","May be used to represent additional information that is not part of the basic definition of the element. To make the use of extensions safe and manageable, there is a strict set of governance  applied to the definition and use of extensions. Though any implementer can define an extension, there is a set of requirements that SHALL be met as part of the definition of the extension.","There can be no stigma associated with the use of extensions by any application, project, or standard - regardless of the institution or jurisdiction that uses or defines the extensions.  The use of extensions is what allows the FHIR specification to retain a core level of simplicity for everyone.","","","","","","","","",,,,,"",,,,"Element.extension",0,*,"","ele-1:All FHIR elements must have a @value or children {hasValue() or (children().count() > id.count())}
ext-1:Must have either extensions or value[x], not both {extension.exists() != value.exists()}","n/a"
"AuditEvent.entity.detail.modifierExtension","AuditEvent.entity.detail.modifierExtension","","extensions
user contentmodifiers","",0,*,"","Y","Y","Extension {[]} {[]}
","Extensions that cannot be ignored even if unrecognized","May be used to represent additional information that is not part of the basic definition of the element and that modifies the understanding of the element in which it is contained and/or the understanding of the containing element's descendants. Usually modifier elements provide negation or qualification. To make the use of extensions safe and manageable, there is a strict set of governance applied to the definition and use of extensions. Though any implementer can define an extension, there is a set of requirements that SHALL be met as part of the definition of the extension. Applications processing a resource are required to check for modifier extensions.

Modifier extensions SHALL NOT change the meaning of any elements on Resource or DomainResource (including cannot change the meaning of modifierExtension itself).","There can be no stigma associated with the use of extensions by any application, project, or standard - regardless of the institution or jurisdiction that uses or defines the extensions.  The use of extensions is what allows the FHIR specification to retain a core level of simplicity for everyone.","Modifier extensions allow for extensions that *cannot* be safely ignored to be clearly distinguished from the vast majority of extensions which can be safely ignored.  This promotes interoperability by eliminating the need for implementers to prohibit the presence of extensions. For further information, see the [definition of modifier extensions](http://hl7.org/fhir/R4/extensibility.html#modifierExtension).","","","","","","","",,,,,"",,,,"BackboneElement.modifierExtension",0,*,"","ele-1:All FHIR elements must have a @value or children {hasValue() or (children().count() > id.count())}
ext-1:Must have either extensions or value[x], not both {extension.exists() != value.exists()}","N/A"
"AuditEvent.entity.detail.type","AuditEvent.entity.detail.type","","","",1,1,"","","","string {[]} {[]}
","Name of the property","The type of extra detail provided in the value.","","","","","","","","","",,,,,"",,,,"AuditEvent.entity.detail.type",1,1,"","ele-1:All FHIR elements must have a @value or children {hasValue() or (children().count() > id.count())}
",".code","ParticipantObjectDetail.type","FiveWs.context"
"AuditEvent.entity.detail.value[x]","AuditEvent.entity.detail.value[x]","","","",1,1,"","","","string {[]} {[]}
base64Binary {[]} {[]}","Property value","The  value of the extra detail.","The value can be string when known to be a string, else base64 encoding should be used to protect binary or undefined content.  The meaning and secondary-encoding of the content of base64 encoded blob is specific to the AuditEvent.type, AuditEvent.subtype, AuditEvent.entity.type, and AuditEvent.entity.role.  The base64 is a general-use and safe container for event specific data blobs regardless of the encoding used by the transaction being recorded.  An AuditEvent consuming application must understand the event it is consuming and the formats used by the event. For example if auditing an Oracle network database access, the Oracle formats must be understood as they will be simply encoded in the base64binary blob.","Should not duplicate the entity value unless absolutely necessary.","","","","","","","",,,,,"",,,,"AuditEvent.entity.detail.value[x]",1,1,"","ele-1:All FHIR elements must have a @value or children {hasValue() or (children().count() > id.count())}
",".value","ParticipantObjectDetail.value","FiveWs.context"
