<?xml version="1.0" encoding="UTF-8"?><ValueSet xmlns="http://hl7.org/fhir"><id value="no-basis-auditevent-purpose-of-event"/><text><status value="generated"/><div xmlns="http://www.w3.org/1999/xhtml"><p class="res-header-id"><b>Generated Narrative: ValueSet no-basis-auditevent-purpose-of-event</b></p><a name="no-basis-auditevent-purpose-of-event"> </a><a name="hcno-basis-auditevent-purpose-of-event"> </a><a name="no-basis-auditevent-purpose-of-event-en-US"> </a><p>This value set includes codes based on the following rules:</p><ul><li>Import all the codes that are contained in <a href="http://terminology.hl7.org/6.0.2/ValueSet-v3-PurposeOfUse.html">PurposeOfUse</a></li><li>Include all codes defined in <a href="CodeSystem-decisiontemplate.html"><code>https://terminology.dips.com/decisiontemplate</code></a></li><li>Include all codes defined in <code>urn:oid:2.16.578.1.12.4.1.1.9151</code></li></ul></div></text><url value="http://hl7.no/fhir/ValueSet/no-basis-auditevent-purpose-of-event"/><version value="0.9.6"/><name value="NO_basis_auditevent_purpose_of_event"/><title value="PurposeOfEvent valueset"/><status value="active"/><date value="2024-09-10T11:47:09+00:00"/><publisher value="HL7 Norway"/><contact><name value="HL7 Norway"/><telecom><system value="url"/><value value="https://github.com/HL7Norway"/></telecom></contact><description value="Valueset for AuditEvent.purposeOfEvent valueset used in context of no-basis-auditevent. Volven.no code systems (urn:oid:2.16.578.1.12.4.1.1.x) are defined [here](https://volven.no/) or [FinnKode](https://beta.finnkode.ehelse.no/adm/collections)"/><compose><include><valueSet value="http://terminology.hl7.org/ValueSet/v3-PurposeOfUse"/></include><include><system value="https://terminology.dips.com/decisiontemplate"/></include><include><system value="urn:oid:2.16.578.1.12.4.1.1.9151"/></include></compose></ValueSet>